gene_symbol,entrez_id,marker_annotation,expression_level,V1_pattern,V2_pattern
A2M,2,vascular endothelial cell,+++++,VEC,VEC
AANAT,15,NA,++,ubiquitous,ubiquitous
AATF,26574,NA,++,ubiquitous,ubiquitous
ABAT,18,interneuron,+++++,scattered+ubiquitous,scattered+ubiquitous
ABAT,18,interneuron,+++++,scattered+ubiquitous,scattered+ubiquitous
ABAT,18,others,+++++,scattered+ubiquitous,scattered+ubiquitous
ABAT,18,others,+++++,scattered+ubiquitous,scattered+ubiquitous
ABCD1,215,NA,++,scattered+ubiquitous,scattered+ubiquitous
ACAN,176,NA,+,sparse to none,sparse to none
ASIC2,40,NA,++,scattered+ubiquitous,scattered+ubiquitous
ACE,1636,NA,+,sparse to none,sparse to none
ACHE,43,NA,++++,"ubiquitous(3,4,5/6)","ubiquitous(3,5,6)"
ACTB,60,NA,+++++,ubiquitous,ubiquitous
ACTN2,88,NA,+++,"layer 2/3,4C,5/6","layer 2/3,5,6"
ADAM23,8745,NA,+++++,"ubiquitous(2/3,6)",ubiquitous(3)
ADAMTS8,11095,NA,++,scattered+ubiquitous,scattered+ubiquitous
ADAMTSL5,339366,NA,+,ubiquitous,ubiquitous
ADCY1,107,NA,+++,ubiquitous(6),ubiquitous
ADCY2,108,NA,+++,ubiquitous(6),ubiquitous
ADCYAP1,116,NA,++,"scattered(2/3,6?)","scattered(2/3,6?)"
ADM,133,interneuron,++++,sparse,sparse
ADM,133,interneuron,++++,sparse,sparse
ADM,133,vascular endothelial cell,++++,sparse,sparse
ADM,133,vascular endothelial cell,++++,sparse,sparse
ADORA1,134,NA,+++,"layer 2/3,4C,5/6",ubiquitous
ADORA2A,135,NA,++,ubiquitous,ubiquitous
ADORA3,140,NA,-,none,none
ADRA1A,148,NA,+++++,ubiquitous+oligodendrocyte,ubiquitous+oligodendrocyte
ADRA1D,146,NA,+,ubiquitous,ubiquitous
ADRA2A,150,layer 6,+++,layer 6+,ubiquitous(6)
ADRA2B,151,NA,+,ubiquitous,ubiquitous
ADRB2,154,NA,+,ubiquitous,ubiquitous
GRK2,156,NA,+++,scattered+ubiquitous,scattered+ubiquitous
GRK3,157,NA,++++,scattered+ubiquitous,scattered+ubiquitous
AFAP1,60312,NA,+++,scattered+ubiquitous,scattered+ubiquitous
AGAP1,116987,NA,++++,ubiquitous,ubiquitous
AGRN,375790,NA,+++++,scattered+ubiquitous,scattered+ubiquitous
AGTR1,185,NA,-,none,none
AGTR2,186,NA,-,none,none
AHI1,54806,NA,++++,"ubiquitous(2/3,5/6)",ubiquitous
AKR1C2,1646,layer 6,++++,layer 6,layer 6
AKR1C3,8644,layer 6,++,layer 6,layer 6
AKT1,207,NA,++++,ubiquitous,ubiquitous
ALDH5A1,7915,NA,+++,scattered+ubiquitous,scattered+ubiquitous
ALDOC,230,NA,+++++,scattered+ubiquitous,scattered+ubiquitous
AMMECR1,9949,NA,+,ubiquitous,ubiquitous
AMPH,273,NA,++++,ubiquitous,ubiquitous
ANKHD1,54882,NA,+++,ubiquitous,ubiquitous
ANKRD34B,340120,NA,-,none,none
ANXA1,301,layer 6,++++,layer 6,layer 6
APBA1,320,NA,+++,ubiquitous,ubiquitous
APBB2,323,NA,+++,scattered+ubiquitous,ubiquitous(3)
APLNR,187,NA,+++++,ubiquitous+oligodendrocyte,ubiquitous+oligodendrocyte
APLP1,333,NA,+++++,ubiquitous+oligodendrocyte,ubiquitous+oligodendrocyte
APLP2,334,NA,+++++,ubiquitous,ubiquitous
APOC1,341,NA,+,ubiquitous,ubiquitous
APOL1,8542,NA,+++,ubiquitous,ubiquitous
APOL2,23780,NA,+++,ubiquitous(2/3),ubiquitous(3)
APOL4,80832,NA,-,none,none
APP,351,NA,+++++,ubiquitous,ubiquitous
ARC,23237,NA,+++++,"scattered+ubiquitous(2/3,4C,5/6)",scattered+ubiquitous
ARFGEF2,10564,NA,+++,scattered,scattered
ARHGEF10,9639,NA,++,"scattered,oligodendrocyte","scattered,oligodendrocyte"
ARHGEF6,9459,NA,++,scattered,scattered
ARHGEF9,23229,NA,+++,ubiquitous,ubiquitous
ARL4C,10123,NA,+++++,scattered+ubiquitous,scattered+ubiquitous
ARNTL2,56938,NA,+++,"layer 2/3,5/6","layer 2/3,5,6"
ASL,435,NA,+++,ubiquitous,ubiquitous
ASPM,259266,NA,-,none,none
ZFHX3,463,NA,+,ubiquitous(6),ubiquitous(6)
ATF4,468,NA,+++++,scattered+ubiquitous,scattered+ubiquitous
ATF5,22809,NA,+++++,scattered+ubiquitous,scattered+ubiquitous
ATF7IP,55729,NA,+++,ubiquitous,ubiquitous
ATP10A,57194,NA,+++,scattered+VEC,scattered+VEC
ATP1A2,477,astrocyte,++++,scattered+glial,scattered+glial
ATP1A3,478,NA,+++++,scattered+ubiquitous(6),scattered+ubiquitous
ATP2A2,488,NA,+++++,scattered+ubiquitous,scattered+ubiquitous
ATP2B4,493,layer 2,+++,"layer 2/3,5/6","layer 2/3,5,6"
ATP2B4,493,layer 2,+++,"layer 2/3,5/6","layer 2/3,5,6"
ATP2B4,493,layer 2,+++,"layer 2/3,5/6","layer 2/3,5,6"
ATP2B4,493,layer 3,+++,"layer 2/3,5/6","layer 2/3,5,6"
ATP2B4,493,layer 3,+++,"layer 2/3,5/6","layer 2/3,5,6"
ATP2B4,493,layer 3,+++,"layer 2/3,5/6","layer 2/3,5,6"
ATP2B4,493,layer 6,+++,"layer 2/3,5/6","layer 2/3,5,6"
ATP2B4,493,layer 6,+++,"layer 2/3,5/6","layer 2/3,5,6"
ATP2B4,493,layer 6,+++,"layer 2/3,5/6","layer 2/3,5,6"
ATP6AP2,10159,NA,+++,scattered+ubiquitous,scattered+ubiquitous
ATP8B1,5205,NA,++++,ubiquitous(6),ubiquitous(6)
ATR,545,NA,++,scattered+ubiquitous,scattered+ubiquitous
ATRX,546,NA,+++,ubiquitous,ubiquitous
AUTS2,26053,NA,++,ubiquitous(4C/5),ubiquitous(5)
AVPR1A,552,NA,-,none,none
AVPR1B,553,NA,+,ubiquitous,ubiquitous
AVPR2,554,NA,+,ubiquitous,ubiquitous
B3GALT2,8707,layer 5,++++,layer 5/6,layer(5)6
B3GALT2,8707,layer 5,++++,layer 5/6,layer(5)6
B3GALT2,8707,layer 6,++++,layer 5/6,layer(5)6
B3GALT2,8707,layer 6,++++,layer 5/6,layer(5)6
BACE2,25825,NA,+++,scattered+ubiquitous,scattered+ubiquitous
BAD,572,NA,++,ubiquitous,ubiquitous
BAX,581,NA,++,ubiquitous,ubiquitous
BCAN,63827,astrocyte,++++,scattered,scattered
BCHE,590,NA,+,sparse to none,sparse to none
BCL2,596,NA,+,ubiquitous,ubiquitous
BCL2L1,598,NA,++++,ubiquitous,ubiquitous
BCL6,604,NA,+++++,sparse(5)+ubiquitous,sparse(5)+ubiquitous
BCOR,54880,NA,++++,ubiquitous,ubiquitous
BDNF,627,NA,+++++,"scattered(2/3,6)","scattered(2/3,6)"
BEND5,79656,layer 3,+++,"layer 2/3,4C,5/6",ubiquitous
BEND5,79656,layer 3,+++,"layer 2/3,4C,5/6",ubiquitous
BEND5,79656,layer 5,+++,"layer 2/3,4C,5/6",ubiquitous
BEND5,79656,layer 5,+++,"layer 2/3,4C,5/6",ubiquitous
BLMH,642,NA,++,ubiquitous,ubiquitous
BRCA1,672,NA,+,ubiquitous,ubiquitous
BRD7,29117,NA,++,ubiquitous,ubiquitous
BSN,8927,NA,++++,"ubiquitous(2/3,4C,5/6)",ubiquitous
BTBD11,121551,interneuron,++++,scattered,scattered
BTN2A1,11120,NA,++,ubiquitous,ubiquitous
C11orf87,399947,NA,++++,"scattered+ubiquitous(2/3,4C,5/6)",scattered+ubiquitous
C1QL2,165257,layer 2,+++,ubiquitous(2),ubiquitous(2)
C1QL2,165257,layer 2,+++,ubiquitous(2),ubiquitous(2)
C1QL2,165257,layer 3,+++,ubiquitous(2),ubiquitous(2)
C1QL2,165257,layer 3,+++,ubiquitous(2),ubiquitous(2)
LAMP5,24141,layer 2,+++++,layer 2/3+scattered,"layer 2,3+scattered"
LAMP5,24141,layer 2,+++++,layer 2/3+scattered,"layer 2,3+scattered"
LAMP5,24141,layer 3,+++++,layer 2/3+scattered,"layer 2,3+scattered"
LAMP5,24141,layer 3,+++++,layer 2/3+scattered,"layer 2,3+scattered"
YBEY,54059,NA,+++,ubiquitous,ubiquitous
NDNF,79625,interneuron,+++++,layer 1,layer 1
NDNF,79625,interneuron,+++++,layer 1,layer 1
NDNF,79625,layer 1,+++++,layer 1,layer 1
NDNF,79625,layer 1,+++++,layer 1,layer 1
COA1,55744,NA,+++,scattered+ubiquitous,ubiquitous
RBIS,401466,NA,+,ubiquitous,ubiquitous
CA2,760,oligodendrocyte,+++++,"scattered,oligodendrocyte","scattered,oligodendrocyte"
CA3,761,NA,-,none,none
CACNA1B,774,NA,+++,"layer 2/3,6",ubiquitous
CACNA1C,775,NA,+++,ubiquitous,ubiquitous
CACNA1D,776,NA,+++,ubiquitous,ubiquitous
CACNA1E,777,layer 2,+++,"layer 2/3,6","layer 2/3,6"
CACNA1E,777,layer 2,+++,"layer 2/3,6","layer 2/3,6"
CACNA1E,777,layer 2,+++,"layer 2/3,6","layer 2/3,6"
CACNA1E,777,layer 3,+++,"layer 2/3,6","layer 2/3,6"
CACNA1E,777,layer 3,+++,"layer 2/3,6","layer 2/3,6"
CACNA1E,777,layer 3,+++,"layer 2/3,6","layer 2/3,6"
CACNA1E,777,layer 6,+++,"layer 2/3,6","layer 2/3,6"
CACNA1E,777,layer 6,+++,"layer 2/3,6","layer 2/3,6"
CACNA1E,777,layer 6,+++,"layer 2/3,6","layer 2/3,6"
CACNA1F,778,NA,++,scattered,scattered
CACNA1G,8913,NA,+++,"layer 2/3,4C,5/6",ubiquitous
CACNA1I,8911,NA,+++,"layer 2/3,4C,5/6",ubiquitous
CACNA1S,779,NA,+,ubiquitous,ubiquitous
CACNA2D1,781,NA,++,ubiquitous,ubiquitous
CACNA2D2,9254,interneuron,++++,scattered,scattered
CACNA2D3,55799,NA,+++,ubiquitous,ubiquitous
CACNA2D4,93589,NA,+,ubiquitous,ubiquitous
CACNB1,782,NA,+++,ubiquitous,ubiquitous
CACNB3,784,NA,++++,ubiquitous,ubiquitous
CACNB4,785,NA,+++,ubiquitous,ubiquitous
CACNG1,786,NA,-,none,none
CACNG2,10369,NA,+++,ubiquitous,ubiquitous
CACNG3,10368,NA,++,"layer 2/3,5/6","layer 2/3,5,6"
CACNG4,27092,NA,+,ubiquitous,ubiquitous
CACNG5,27091,layer 4,++,layer 4C,ubiquitous
CACNG6,59285,NA,+++++,ubiquitous,ubiquitous
CACNG7,59284,NA,+++,ubiquitous,ubiquitous
CACNG8,59283,NA,++++,ubiquitous,ubiquitous
CADPS2,93664,NA,+++++,"layer 2/3,4C,5/6",ubiquitous
CALB1,793,interneuron,++++,scattered(2/3),scattered(2/3)
CALB1,793,interneuron,++++,scattered(2/3),scattered(2/3)
CALB1,793,layer 2,++++,scattered(2/3),scattered(2/3)
CALB1,793,layer 2,++++,scattered(2/3),scattered(2/3)
CALB2,794,interneuron,+++++,scattered(2/3),scattered(2/3)
CALY,50632,NA,+++++,ubiquitous+oligodendrocyte,ubiquitous+oligodendrocyte
CAMK2A,815,NA,+++++,ubiquitous,ubiquitous
CAMK4,814,NA,+++,"layer 2/3,6",ubiquitous(6)
CAMKK2,10645,NA,+++++,"ubiquitous(2/3,5/6)",ubiquitous
CARTPT,9607,layer 2,++++,layer 2(/3)+sparse(6),layer 2(/3)
CARTPT,9607,layer 2,++++,layer 2(/3)+sparse(6),layer 2(/3)
CARTPT,9607,layer 3,++++,layer 2(/3)+sparse(6),layer 2(/3)
CARTPT,9607,layer 3,++++,layer 2(/3)+sparse(6),layer 2(/3)
CASP1,834,NA,+,ubiquitous,ubiquitous
CASP3,836,NA,+,ubiquitous,ubiquitous
CASP7,840,NA,-,none,none
CASP8,841,NA,+,ubiquitous,ubiquitous
CBLN2,147381,layer 2,++++,"layer 2/3,(5)/6","layer 2/3,6"
CBLN2,147381,layer 2,++++,"layer 2/3,(5)/6","layer 2/3,6"
CBLN2,147381,layer 2,++++,"layer 2/3,(5)/6","layer 2/3,6"
CBLN2,147381,layer 3,++++,"layer 2/3,(5)/6","layer 2/3,6"
CBLN2,147381,layer 3,++++,"layer 2/3,(5)/6","layer 2/3,6"
CBLN2,147381,layer 3,++++,"layer 2/3,(5)/6","layer 2/3,6"
CBLN2,147381,layer 6,++++,"layer 2/3,(5)/6","layer 2/3,6"
CBLN2,147381,layer 6,++++,"layer 2/3,(5)/6","layer 2/3,6"
CBLN2,147381,layer 6,++++,"layer 2/3,(5)/6","layer 2/3,6"
CC2D1A,54862,NA,+++++,ubiquitous,ubiquitous
CCDC141,285025,NA,-,none,none
CCK,885,layer 2,+++++,"layer 1,2/3,5/6","layer 1,2/3,5,6"
CCK,885,layer 2,+++++,"layer 1,2/3,5/6","layer 1,2/3,5,6"
CCK,885,layer 2,+++++,"layer 1,2/3,5/6","layer 1,2/3,5,6"
CCK,885,layer 2,+++++,"layer 1,2/3,5/6","layer 1,2/3,5,6"
CCK,885,layer 3,+++++,"layer 1,2/3,5/6","layer 1,2/3,5,6"
CCK,885,layer 3,+++++,"layer 1,2/3,5/6","layer 1,2/3,5,6"
CCK,885,layer 3,+++++,"layer 1,2/3,5/6","layer 1,2/3,5,6"
CCK,885,layer 3,+++++,"layer 1,2/3,5/6","layer 1,2/3,5,6"
CCK,885,layer 5,+++++,"layer 1,2/3,5/6","layer 1,2/3,5,6"
CCK,885,layer 5,+++++,"layer 1,2/3,5/6","layer 1,2/3,5,6"
CCK,885,layer 5,+++++,"layer 1,2/3,5/6","layer 1,2/3,5,6"
CCK,885,layer 5,+++++,"layer 1,2/3,5/6","layer 1,2/3,5,6"
CCK,885,layer 6,+++++,"layer 1,2/3,5/6","layer 1,2/3,5,6"
CCK,885,layer 6,+++++,"layer 1,2/3,5/6","layer 1,2/3,5,6"
CCK,885,layer 6,+++++,"layer 1,2/3,5/6","layer 1,2/3,5,6"
CCK,885,layer 6,+++++,"layer 1,2/3,5/6","layer 1,2/3,5,6"
CCKAR,886,NA,+++,scattered,scattered
CCKBR,887,NA,++,ubiquitous,ubiquitous
CDH13,1012,interneuron,+++++,scattered,scattered
CDH13,1012,interneuron,+++++,scattered,scattered
CDH13,1012,layer 2,+++++,scattered,scattered
CDH13,1012,layer 2,+++++,scattered,scattered
CDH24,64403,layer 6,++++,layer 6,layer 6
CDH7,1005,interneuron,+++,scattered,scattered
CDK5,1020,NA,+++,scattered+ubiquitous,scattered+ubiquitous
CDK5R1,8851,NA,++++,"ubiquitous(2/3,5/6)","ubiquitous(2/3,5,6)"
CDK5R2,8941,NA,++++,ubiquitous,ubiquitous
CDK5RAP1,51654,NA,+++,ubiquitous,ubiquitous
CDK5RAP2,55755,NA,+++,scattered,scattered
CDK5RAP3,80279,NA,+++++,ubiquitous,ubiquitous
CDKL5,6792,NA,+++,"ubiquitous(2/3,4C,5/6)",ubiquitous
CENPJ,55835,NA,+++,scattered+ubiquitous,scattered+ubiquitous
CEP290,80184,NA,++,ubiquitous,ubiquitous
CERK,64781,interneuron,+++++,scattered+ubiquitous,scattered+ubiquitous
CFC1,55997,NA,++++,ubiquitous,ubiquitous
CFTR,1080,NA,+,ubiquitous,ubiquitous
CHEK1,1111,NA,-,none,none
CHRM1,1128,NA,+++,ubiquitous,ubiquitous
CHRM2,1129,NA,++++,"layer 4C,(5/6)",scattered(5/6)
CHRM3,1131,NA,+++,"layer 2/3,4C,5/6","layer 2/3,5,6"
CHRM4,1132,NA,++++,ubiquitous,ubiquitous
CHRM5,1133,NA,+,ubiquitous,ubiquitous
CHRNA10,57053,NA,-,none,none
CHRNA3,1136,layer 4,+++,layer 4C,sparse to none
CHRNA4,1137,NA,+++,"ubiquitous(5,6)",ubiquitous
CHRNA5,1138,NA,++,sparse,sparse
CHRNA6,8973,NA,+,sparse to none,ubiquitous
CHRNA7,1139,interneuron,+++,sparse(1)+layer 2/3,sparse(1)+layer 2/3
CHRNA7,1139,interneuron,+++,sparse(1)+layer 2/3,sparse(1)+layer 2/3
CHRNA7,1139,interneuron,+++,sparse(1)+layer 2/3,sparse(1)+layer 2/3
CHRNA7,1139,layer 1,+++,sparse(1)+layer 2/3,sparse(1)+layer 2/3
CHRNA7,1139,layer 1,+++,sparse(1)+layer 2/3,sparse(1)+layer 2/3
CHRNA7,1139,layer 1,+++,sparse(1)+layer 2/3,sparse(1)+layer 2/3
CHRNA7,1139,layer 2,+++,sparse(1)+layer 2/3,sparse(1)+layer 2/3
CHRNA7,1139,layer 2,+++,sparse(1)+layer 2/3,sparse(1)+layer 2/3
CHRNA7,1139,layer 2,+++,sparse(1)+layer 2/3,sparse(1)+layer 2/3
CHRNA9,55584,NA,-,none,none
CHRNB2,1141,NA,++,ubiquitous,ubiquitous
CHRNB3,1142,NA,++,sparse,sparse
CHRNB4,1143,NA,++,ubiquitous,ubiquitous
CHRND,1144,NA,-,none,none
CHRNE,1145,NA,-,none,none
CHRNG,1146,NA,-,none,none
CIT,11113,NA,++++,ubiquitous,ubiquitous
CLCA1,1179,NA,-,none,none
CLCA2,9635,NA,-,none,none
CLCA3P,9629,NA,-,none,none
CLCA4,22802,NA,-,none,none
CLCN1,1180,NA,+,ubiquitous,ubiquitous
CLCN2,1181,NA,++++,scattered,scattered
CLCN3,1182,NA,+++,ubiquitous,ubiquitous
CLCN4,1183,NA,+++,ubiquitous,ubiquitous
CLCN5,1184,NA,-,none,none
CLCN6,1185,NA,++,ubiquitous,ubiquitous
CLCN7,1186,NA,+++,ubiquitous,ubiquitous
CLCNKA,1187,NA,-,none,none
CLCNKB,1188,NA,+,ubiquitous,ubiquitous
CLDN5,7122,vascular endothelial cell,+++++,VEC,VEC
CLIC1,1192,NA,+++,scattered+VEC,scattered+VEC
CLIC2,1193,NA,-,none,none
CLIC3,9022,NA,+++++,ubiquitous,ubiquitous
CLIC4,25932,NA,+,sparse to none,sparse to none
CLIC5,53405,NA,+,sparse to none,sparse to none
CLIC6,54102,NA,-,none,none
CLN8,2055,NA,+,ubiquitous,ubiquitous
CLNS1A,1207,NA,+,ubiquitous,ubiquitous
CLOCK,9575,NA,++,ubiquitous,ubiquitous
CNGA1,1259,NA,-,none,none
CNGA2,1260,NA,-,none,none
CNGA4,1262,NA,-,none,none
CNGB3,54714,NA,-,none,none
CNP,1267,oligodendrocyte,+++++,ubiquitous+oligodendrocyte,ubiquitous+oligodendrocyte
CNR1,1268,interneuron,+++++,"scattered(1,2+)","scattered(1,2+)"
CNR1,1268,interneuron,+++++,"scattered(1,2+)","scattered(1,2+)"
CNR1,1268,interneuron,+++++,"scattered(1,2+)","scattered(1,2+)"
CNR1,1268,interneuron,+++++,"scattered(1,2+)","scattered(1,2+)"
CNR1,1268,layer 1,+++++,"scattered(1,2+)","scattered(1,2+)"
CNR1,1268,layer 1,+++++,"scattered(1,2+)","scattered(1,2+)"
CNR1,1268,layer 1,+++++,"scattered(1,2+)","scattered(1,2+)"
CNR1,1268,layer 1,+++++,"scattered(1,2+)","scattered(1,2+)"
CNR1,1268,layer 2,+++++,"scattered(1,2+)","scattered(1,2+)"
CNR1,1268,layer 2,+++++,"scattered(1,2+)","scattered(1,2+)"
CNR1,1268,layer 2,+++++,"scattered(1,2+)","scattered(1,2+)"
CNR1,1268,layer 2,+++++,"scattered(1,2+)","scattered(1,2+)"
CNR1,1268,layer 6,+++++,"scattered(1,2+)","scattered(1,2+)"
CNR1,1268,layer 6,+++++,"scattered(1,2+)","scattered(1,2+)"
CNR1,1268,layer 6,+++++,"scattered(1,2+)","scattered(1,2+)"
CNR1,1268,layer 6,+++++,"scattered(1,2+)","scattered(1,2+)"
CNTNAP2,26047,NA,++++,scattered+ubiquitous,scattered+ubiquitous
CNTNAP4,85445,interneuron,+++++,scattered+ubiquitous,scattered+ubiquitous
CNTNAP4,85445,interneuron,+++++,scattered+ubiquitous,scattered+ubiquitous
CNTNAP4,85445,laminar,+++++,scattered+ubiquitous,scattered+ubiquitous
CNTNAP4,85445,laminar,+++++,scattered+ubiquitous,scattered+ubiquitous
COL12A1,1303,NA,+++,"scattered(2/3,5/6)",scattered
COL24A1,255631,layer 2,++++,"layer 2/3,5/6","layer 2/3,5,6"
COL24A1,255631,layer 2,++++,"layer 2/3,5/6","layer 2/3,5,6"
COL24A1,255631,layer 2,++++,"layer 2/3,5/6","layer 2/3,5,6"
COL24A1,255631,layer 2,++++,"layer 2/3,5/6","layer 2/3,5,6"
COL24A1,255631,layer 3,++++,"layer 2/3,5/6","layer 2/3,5,6"
COL24A1,255631,layer 3,++++,"layer 2/3,5/6","layer 2/3,5,6"
COL24A1,255631,layer 3,++++,"layer 2/3,5/6","layer 2/3,5,6"
COL24A1,255631,layer 3,++++,"layer 2/3,5/6","layer 2/3,5,6"
COL24A1,255631,layer 5,++++,"layer 2/3,5/6","layer 2/3,5,6"
COL24A1,255631,layer 5,++++,"layer 2/3,5/6","layer 2/3,5,6"
COL24A1,255631,layer 5,++++,"layer 2/3,5/6","layer 2/3,5,6"
COL24A1,255631,layer 5,++++,"layer 2/3,5/6","layer 2/3,5,6"
COL24A1,255631,layer 6,++++,"layer 2/3,5/6","layer 2/3,5,6"
COL24A1,255631,layer 6,++++,"layer 2/3,5/6","layer 2/3,5,6"
COL24A1,255631,layer 6,++++,"layer 2/3,5/6","layer 2/3,5,6"
COL24A1,255631,layer 6,++++,"layer 2/3,5/6","layer 2/3,5,6"
COL5A1,1289,NA,++++,"ubiquitous(2/3,6)",ubiquitous
COL6A1,1291,layer 3,++++,ubiquitous,"ubiquitous(3,4)"
COL6A1,1291,layer 3,++++,ubiquitous,"ubiquitous(3,4)"
COL6A1,1291,layer 3,++++,ubiquitous,"ubiquitous(3,4)"
COL6A1,1291,layer 3,++++,ubiquitous,"ubiquitous(3,4)"
COL6A1,1291,layer 4,++++,ubiquitous,"ubiquitous(3,4)"
COL6A1,1291,layer 4,++++,ubiquitous,"ubiquitous(3,4)"
COL6A1,1291,layer 4,++++,ubiquitous,"ubiquitous(3,4)"
COL6A1,1291,layer 4,++++,ubiquitous,"ubiquitous(3,4)"
COL6A1,1291,layer 5,++++,ubiquitous,"ubiquitous(3,4)"
COL6A1,1291,layer 5,++++,ubiquitous,"ubiquitous(3,4)"
COL6A1,1291,layer 5,++++,ubiquitous,"ubiquitous(3,4)"
COL6A1,1291,layer 5,++++,ubiquitous,"ubiquitous(3,4)"
COL6A1,1291,layer 6,++++,ubiquitous,"ubiquitous(3,4)"
COL6A1,1291,layer 6,++++,ubiquitous,"ubiquitous(3,4)"
COL6A1,1291,layer 6,++++,ubiquitous,"ubiquitous(3,4)"
COL6A1,1291,layer 6,++++,ubiquitous,"ubiquitous(3,4)"
COL9A3,1299,NA,+++,scattered,scattered
COMT,1312,NA,+++,ubiquitous,ubiquitous
CORT,1325,interneuron,++++,sparse,sparse
COX6A2,1339,NA,++++,scattered+ubiquitous,scattered+ubiquitous
COX8A,1351,NA,++++,scattered+ubiquitous,scattered+ubiquitous
CPLX3,594855,interneuron,++++,"scattered(1,6)",scattered
CPNE7,27132,interneuron,++++,layer 4C+scattered(5/6),"layer 4+scattered(5,6)"
CPNE7,27132,interneuron,++++,layer 4C+scattered(5/6),"layer 4+scattered(5,6)"
CPNE7,27132,interneuron,++++,layer 4C+scattered(5/6),"layer 4+scattered(5,6)"
CPNE7,27132,layer 5,++++,layer 4C+scattered(5/6),"layer 4+scattered(5,6)"
CPNE7,27132,layer 5,++++,layer 4C+scattered(5/6),"layer 4+scattered(5,6)"
CPNE7,27132,layer 5,++++,layer 4C+scattered(5/6),"layer 4+scattered(5,6)"
CPNE7,27132,layer 6,++++,layer 4C+scattered(5/6),"layer 4+scattered(5,6)"
CPNE7,27132,layer 6,++++,layer 4C+scattered(5/6),"layer 4+scattered(5,6)"
CPNE7,27132,layer 6,++++,layer 4C+scattered(5/6),"layer 4+scattered(5,6)"
CPOX,1371,NA,+++,ubiquitous,ubiquitous
CRBN,51185,NA,+++,ubiquitous,ubiquitous
CREB1,1385,NA,++,ubiquitous,ubiquitous
CRH,1392,NA,+++++,ubiquitous+oligodendrocyte,ubiquitous+oligodendrocyte
CRHBP,1393,interneuron,+++,scattered,scattered
CRHR1,1394,NA,+++,"ubiquitous(2/3,4)",ubiquitous(2/3/4)
CRHR2,1395,NA,++++,"layer(3),4+scattered","scattered(3,4)"
CRYM,1428,layer 2,+++++,"layer 2/3,5/6","layer 2/3,5/6"
CRYM,1428,layer 2,+++++,"layer 2/3,5/6","layer 2/3,5/6"
CRYM,1428,layer 2,+++++,"layer 2/3,5/6","layer 2/3,5/6"
CRYM,1428,layer 2,+++++,"layer 2/3,5/6","layer 2/3,5/6"
CRYM,1428,layer 3,+++++,"layer 2/3,5/6","layer 2/3,5/6"
CRYM,1428,layer 3,+++++,"layer 2/3,5/6","layer 2/3,5/6"
CRYM,1428,layer 3,+++++,"layer 2/3,5/6","layer 2/3,5/6"
CRYM,1428,layer 3,+++++,"layer 2/3,5/6","layer 2/3,5/6"
CRYM,1428,layer 5,+++++,"layer 2/3,5/6","layer 2/3,5/6"
CRYM,1428,layer 5,+++++,"layer 2/3,5/6","layer 2/3,5/6"
CRYM,1428,layer 5,+++++,"layer 2/3,5/6","layer 2/3,5/6"
CRYM,1428,layer 5,+++++,"layer 2/3,5/6","layer 2/3,5/6"
CRYM,1428,layer 6,+++++,"layer 2/3,5/6","layer 2/3,5/6"
CRYM,1428,layer 6,+++++,"layer 2/3,5/6","layer 2/3,5/6"
CRYM,1428,layer 6,+++++,"layer 2/3,5/6","layer 2/3,5/6"
CRYM,1428,layer 6,+++++,"layer 2/3,5/6","layer 2/3,5/6"
CSMD1,64478,NA,+++,ubiquitous,ubiquitous
CSNK1D,1453,NA,+++,scattered+ubiquitous,scattered+ubiquitous
CSRP1,1465,oligodendrocyte,++++,scattered+oligodendrocyte,scattered+oligodendrocyte
CST3,1471,astrocyte,+++++,scattered+glial,scattered+glial
CSTB,1476,NA,++,ubiquitous,ubiquitous
CCN2,1490,layer 6,+++++,layer 6(b)+scattered,layer 6(b)+scattered
CTNNB1,1499,NA,+++,"layer 2/3,4C,5/6","ubiquitous(3d,4)"
CTNND2,1501,NA,+++,ubiquitous,ubiquitous
CTSB,1508,NA,+++++,scattered+ubiquitous,scattered+ubiquitous
CUX1,1523,NA,++++,"layer 2/3,4,6","layer 2/3,6"
CUX2,23316,layer 2,++++,"layer 2/3,4",layer 2/3(4)
CUX2,23316,layer 2,++++,"layer 2/3,4",layer 2/3(4)
CUX2,23316,layer 2,++++,"layer 2/3,4",layer 2/3(4)
CUX2,23316,layer 3,++++,"layer 2/3,4",layer 2/3(4)
CUX2,23316,layer 3,++++,"layer 2/3,4",layer 2/3(4)
CUX2,23316,layer 3,++++,"layer 2/3,4",layer 2/3(4)
CUX2,23316,layer 4,++++,"layer 2/3,4",layer 2/3(4)
CUX2,23316,layer 4,++++,"layer 2/3,4",layer 2/3(4)
CUX2,23316,layer 4,++++,"layer 2/3,4",layer 2/3(4)
CXCL12,6387,NA,-,none,none
CXCL14,9547,layer 1,+++++,scattered(1),scattered(1)
CXCL14,9547,layer 1,+++++,scattered(1),scattered(1)
CXCL14,9547,layer 1,+++++,scattered(1),scattered(1)
CXCL14,9547,layer 1,+++++,scattered(1),scattered(1)
CXCL14,9547,layer 2,+++++,scattered(1),scattered(1)
CXCL14,9547,layer 2,+++++,scattered(1),scattered(1)
CXCL14,9547,layer 2,+++++,scattered(1),scattered(1)
CXCL14,9547,layer 2,+++++,scattered(1),scattered(1)
CXCL14,9547,interneuron,+++++,scattered(1),scattered(1)
CXCL14,9547,interneuron,+++++,scattered(1),scattered(1)
CXCL14,9547,interneuron,+++++,scattered(1),scattered(1)
CXCL14,9547,interneuron,+++++,scattered(1),scattered(1)
CXCL14,9547,astrocyte,+++++,scattered(1),scattered(1)
CXCL14,9547,astrocyte,+++++,scattered(1),scattered(1)
CXCL14,9547,astrocyte,+++++,scattered(1),scattered(1)
CXCL14,9547,astrocyte,+++++,scattered(1),scattered(1)
CYP26B1,56603,NA,+++,"layer 2/3,(4C),5/6",ubiquitous(4)
CYP39A1,51302,NA,-,none,layer 3d
CCN1,3491,layer 6,+++++,"sparse+layer 6(2/3,5)","sparse+layer 6(2/3,5)"
CCN1,3491,layer 6,+++++,"sparse+layer 6(2/3,5)","sparse+layer 6(2/3,5)"
CCN1,3491,layer 6,+++++,"sparse+layer 6(2/3,5)","sparse+layer 6(2/3,5)"
CCN1,3491,interneuron,+++++,"sparse+layer 6(2/3,5)","sparse+layer 6(2/3,5)"
CCN1,3491,interneuron,+++++,"sparse+layer 6(2/3,5)","sparse+layer 6(2/3,5)"
CCN1,3491,interneuron,+++++,"sparse+layer 6(2/3,5)","sparse+layer 6(2/3,5)"
CCN1,3491,astrocyte,+++++,"sparse+layer 6(2/3,5)","sparse+layer 6(2/3,5)"
CCN1,3491,astrocyte,+++++,"sparse+layer 6(2/3,5)","sparse+layer 6(2/3,5)"
CCN1,3491,astrocyte,+++++,"sparse+layer 6(2/3,5)","sparse+layer 6(2/3,5)"
DAO,1610,NA,+,ubiquitous,ubiquitous
DAOA,267012,NA,-,none,none
DBH,1621,NA,+,ubiquitous,ubiquitous
DBN1,1627,NA,+++++,ubiquitous,ubiquitous
DCX,1641,NA,-,none,none
DDC,1644,NA,+,ubiquitous,ubiquitous
DDIT4L,115265,NA,-,none,none
DDT,1652,NA,+++,scattered+ubiquitous,scattered+ubiquitous
DDX11,1663,NA,++++,ubiquitous,ubiquitous
DECR1,1666,NA,+,ubiquitous,ubiquitous
DEPTOR,64798,NA,++,scattered,scattered
WHRN,25861,NA,++,ubiquitous,ubiquitous
DHCR7,1717,NA,++,ubiquitous,ubiquitous
DHX9,1660,NA,+++,ubiquitous,ubiquitous
DISC1,27185,layer 1,-,none,layer 1+
DKC1,1736,NA,++,ubiquitous,ubiquitous
DKK3,27122,NA,+++++,"ubiquitous(2/3,4C,5/6)","ubiquitous(2/3,5/6)"
DLEC1,9940,NA,+,ubiquitous,ubiquitous
DLG1,1739,NA,++++,ubiquitous,ubiquitous
DLG2,1740,NA,+++,"ubiquitous(2/3,5/6)",ubiquitous
DLG3,1741,NA,+++,"ubiquitous(2/3,5/6)",ubiquitous
DLG4,1742,NA,+++++,ubiquitous,ubiquitous
DLG5,9231,NA,++++,ubiquitous(4C),ubiquitous(4)
DLGAP1,9229,NA,+++++,ubiquitous,ubiquitous
DLGAP2,9228,NA,++++,ubiquitous,ubiquitous
DLX1,1745,interneuron,+++,scattered,scattered
DLX5,1749,NA,++,ubiquitous,ubiquitous
DPP6,1804,NA,+++++,scattered+ubiquitous,scattered+ubiquitous
DRD1,1812,NA,+++,"layer 2,6","layer 2,6"
DRD3,1814,NA,-,none,none
DRD5,1816,NA,+,layer 5/6,"layer 5,6"
DSG1,1828,NA,-,none,none
DTNA,1837,NA,++++,"scattered+ubiquitous(2/3,4C,5/6)",scattered+ubiquitous
DTNBP1,84062,NA,+,ubiquitous,ubiquitous
DVL1,1855,NA,+++,ubiquitous,ubiquitous
DYM,54808,NA,+++,ubiquitous,ubiquitous
DYNC1I2,1781,NA,++++,ubiquitous,ubiquitous
DNAAF4,161582,NA,-,none,none
ECE2,9718,NA,+++,scattered(2/3),scattered(2/3)
EDNRA,1909,NA,++,scattered,scattered
EDNRB,1910,NA,+,ubiquitous,ubiquitous
EN2,2020,NA,++,scattered+ubiquitous,scattered+ubiquitous
ENC1,8507,NA,+++++,"ubiquitous(2/3,4C,5/6)","ubiquitous(2/3,5/6)"
ENDOD1,23052,NA,+++,scattered+oligodendrocyte,scattered+oligodendrocyte
EPHA6,285220,NA,+++,"scattered(2/3,5/6)",scattered
ERBB3,2065,NA,+++++,ubiquitous,ubiquitous
ERBB4,2066,interneuron,+++++,scattered,scattered
ERCC2,2068,NA,+++,scattered+ubiquitous,scattered+ubiquitous
ERCC3,2071,NA,+++,scattered+ubiquitous,scattered+ubiquitous
ERCC5,2073,NA,+++,scattered+ubiquitous,scattered+ubiquitous
ESCO2,157570,NA,+++++,ubiquitous,ubiquitous
ESR1,2099,NA,-,none,none
ESR2,2100,NA,-,none,none
ETV1,2115,layer 5,++,"layer 4C,5/6","layer 4,5,6"
ETV1,2115,layer 5,++,"layer 4C,5/6","layer 4,5,6"
ETV1,2115,layer 6,++,"layer 4C,5/6","layer 4,5,6"
ETV1,2115,layer 6,++,"layer 4C,5/6","layer 4,5,6"
EXT1,2131,NA,+++,"ubiquitous(2/3,4C,5/6)",ubiquitous
EYA4,2070,astrocyte,+++,layer 4C+scattered,scattered
EYA4,2070,astrocyte,+++,layer 4C+scattered,scattered
EYA4,2070,interneuron,+++,layer 4C+scattered,scattered
EYA4,2070,interneuron,+++,layer 4C+scattered,scattered
FABP7,2173,NA,-,none,none
FAM111A,63901,NA,-,none,none
FAM111B,374393,NA,-,none,none
FAM20A,54757,NA,-,none,none
FAM3C,10447,layer 5,++++,"layer 2/3,4C,5/6",ubiquitous(5s)
TENT5A,55603,interneuron,++++,scattered,scattered
FEZ1,9638,NA,+++++,ubiquitous,ubiquitous
FGD1,2245,NA,++,ubiquitous,ubiquitous
FGF1,2246,NA,++,scattered+ubiquitous,scattered+ubiquitous
FGF14,2259,NA,++,scattered+ubiquitous,scattered+ubiquitous
FGF2,2247,NA,+,sparse to none,sparse to none
FGF9,2254,NA,+++,scattered+ubiquitous,scattered+ubiquitous
FGFR1,2260,NA,++++,scattered(5/6),scattered(5/6)
FGFR2,2263,NA,+++,scattered+ubiquitous,scattered+ubiquitous
FMR1,2332,NA,++,ubiquitous,ubiquitous
FOXP2,93986,layer 6,+++,layer 6,"layer 4,5,6"
FRA10AC1,118924,NA,++,ubiquitous,ubiquitous
FST,10468,NA,-,none,none
FTSJ1,24140,NA,+++,scattered+ubiquitous,scattered+ubiquitous
FXYD6,53826,layer 2,+++++,"layer 23/,5/6","ubquitous(5,6)"
FXYD6,53826,layer 2,+++++,"layer 23/,5/6","ubquitous(5,6)"
FXYD6,53826,layer 2,+++++,"layer 23/,5/6","ubquitous(5,6)"
FXYD6,53826,layer 2,+++++,"layer 23/,5/6","ubquitous(5,6)"
FXYD6,53826,layer 3,+++++,"layer 23/,5/6","ubquitous(5,6)"
FXYD6,53826,layer 3,+++++,"layer 23/,5/6","ubquitous(5,6)"
FXYD6,53826,layer 3,+++++,"layer 23/,5/6","ubquitous(5,6)"
FXYD6,53826,layer 3,+++++,"layer 23/,5/6","ubquitous(5,6)"
FXYD6,53826,layer 5,+++++,"layer 23/,5/6","ubquitous(5,6)"
FXYD6,53826,layer 5,+++++,"layer 23/,5/6","ubquitous(5,6)"
FXYD6,53826,layer 5,+++++,"layer 23/,5/6","ubquitous(5,6)"
FXYD6,53826,layer 5,+++++,"layer 23/,5/6","ubquitous(5,6)"
FXYD6,53826,layer 6,+++++,"layer 23/,5/6","ubquitous(5,6)"
FXYD6,53826,layer 6,+++++,"layer 23/,5/6","ubquitous(5,6)"
FXYD6,53826,layer 6,+++++,"layer 23/,5/6","ubquitous(5,6)"
FXYD6,53826,layer 6,+++++,"layer 23/,5/6","ubquitous(5,6)"
FYN,2534,NA,++++,scattered+ubiquitous,scattered+ubiquitous
GABARAP,11337,NA,+++,scattered+ubiquitous,ubiquitous
GABARAPL1,23710,NA,+++++,scattered+ubiquitous,scattered+ubiquitous
GABARAPL2,11345,NA,+++,scattered+ubiquitous,ubiquitous
GABBR1,2550,NA,+++++,scattered+ubiquitous,scattered+ubiquitous
GABBR2,9568,NA,+++++,scattered+ubiquitous,scattered+ubiquitous
GABRA1,2554,NA,+++++,scattered+ubiquitous,scattered+ubiquitous
GABRA2,2555,NA,+,sparse to none,sparse to none
GABRA3,2556,NA,++,"layer 2/3,4C,5/6",ubiquitous
GABRA4,2557,NA,+++,ubiquitous,ubiquitous
GABRA5,2558,layer 5,+++++,"layer 5,6,6b","layer 5,6,6b"
GABRA5,2558,layer 5,+++++,"layer 5,6,6b","layer 5,6,6b"
GABRA5,2558,layer 5,+++++,"layer 5,6,6b","layer 5,6,6b"
GABRA5,2558,layer 6,+++++,"layer 5,6,6b","layer 5,6,6b"
GABRA5,2558,layer 6,+++++,"layer 5,6,6b","layer 5,6,6b"
GABRA5,2558,layer 6,+++++,"layer 5,6,6b","layer 5,6,6b"
GABRA5,2558,layer 6,+++++,"layer 5,6,6b","layer 5,6,6b"
GABRA5,2558,layer 6,+++++,"layer 5,6,6b","layer 5,6,6b"
GABRA5,2558,layer 6,+++++,"layer 5,6,6b","layer 5,6,6b"
GABRA6,2559,NA,-,none,sparse to none
GABRB1,2560,NA,++,"ubiquitous(2/3,6)","ubiquitous(2/3,6)"
GABRB2,2561,NA,+++++,scattered+ubiquitous,scattered+ubiquitous
GABRB3,2562,NA,+++,ubiquitous,ubiquitous
GABRD,2563,NA,+++++,"scattered+ubiquitous(2/3,4)",scattered+ubiquitous(2/3)
GABRE,2564,NA,-,none,none
GABRG1,2565,NA,+,sparse to none,layer 4
GABRG2,2566,NA,+++++,scattered+ubiquitous,scattered+ubiquitous
GABRG3,2567,NA,+++,"scattered+ubiquitous(4C,5/6)",scattered+ubiquitous
GABRP,2568,NA,-,none,none
GABRQ,55879,NA,-,none,none
GABRR1,2569,NA,-,none,none
GABRR2,2570,NA,-,none,none
GABRR3,200959,NA,-,none,none
GAD1,2571,interneuron,+++++,scattered,scattered
GAD2,2572,interneuron,+++++,scattered,scattered
GALR2,8811,NA,+,ubiquitous,ubiquitous
GAP43,2596,NA,+++++,ubiquitous,ubiquitous
GDI1,2664,NA,+++++,ubiquitous,ubiquitous
GFAP,2670,oligodendrocyte,++++,scattered+oligodendrocyte,scattered+oligodendrocyte
GIPR,2696,NA,+,ubiquitous,ubiquitous
GJA1,2697,astrocyte,++++,scattered+glial,scattered+glial
GLO1,2739,NA,++,ubiquitous,ubiquitous
GLRA1,2741,NA,+++,sparse,sparse
GLRA2,2742,NA,+,sparse to none,sparse to none
GLRA3,8001,layer 2,+++,"layer(2/3),4C",ubiquitous(2/3)
GLRB,2743,NA,++++,ubiquitous,ubiquitous
GLUD2,2747,NA,+,ubiquitous,ubiquitous
GM2A,2760,NA,++,ubiquitous,ubiquitous
GMPR,2766,NA,-,none,sparse to none
GNB4,59345,NA,+,sparse to none,sparse to none
GNG7,2788,NA,+++,ubiquitous(6),ubiquitous
GNRHR,2798,NA,+,ubiquitous,ubiquitous
GOSR1,9527,NA,++,ubiquitous,ubiquitous
GPHN,10243,NA,++,ubiquitous,ubiquitous
GPR101,83550,NA,+,ubiquitous,ubiquitous
ADGRF5,221395,NA,++,scattered+VEC?,scattered+VEC?
GPR12,2835,NA,++,layer 4C,ubiquitous
GPR156,165829,NA,+,ubiquitous,ubiquitous
GPR161,23432,NA,++,"ubiquitous(2/3,6)",ubiquitous
GPR173,54328,NA,+,sparse to none,sparse to none
GPR176,11245,NA,++,scattered,scattered
GPR19,2842,NA,+,ubiquitous,ubiquitous
GPR22,2845,NA,+,ubiquitous,ubiquitous
GPR3,2827,NA,+,sparse to none,sparse to none
GPR37,2861,NA,++++,scattered,scattered
GPR50,9248,NA,+,sparse to none,sparse to none
ADGRG1,9289,astrocyte,+++,scattered+astrocyte,scattered+astrocyte
GPR6,2830,NA,+,ubiquitous,ubiquitous
GPR78,27201,NA,++++,sparse(6b),sparse(6b)
GPR83,10888,NA,++,scattered,scattered
GPR85,54329,NA,+++,scattered+VEC,scattered+VEC
GPR88,54112,NA,-,none,none
ADGRV1,84059,astrocyte,++++,"layer 1+scattered(2/3,6)","layer 1+scattered(2/3,6)"
GPRIN3,285513,NA,-,none,none
GRB2,2885,NA,+++,"ubiquitous(2/3,4C,5/6)",ubiquitous
GRIA1,2890,NA,++++,"layer 5/6,(2/3)+scattered","layer 5/6,(2/3)+scattered"
GRIA2,2891,NA,+++++,ubiquitous,ubiquitous
GRIA3,2892,NA,+++++,"layer 2/3,4C,5/6","ubiquitous(2/3,5/6)"
GRIA4,2893,NA,++++,scattered+ubiquitous,scattered+ubiquitous
GRID1,2894,NA,++,ubiquitous,ubiquitous
GRID2,2895,NA,+,sparse to none,sparse to none
GRIK1,2897,interneuron,+++++,scattered,scattered
GRIK2,2898,NA,++++,"scattered+2/3,4C,5/6","scattered+2/3,5,6"
GRIK3,2899,NA,++++,scattered+layer 5/6,"scattered+layer(5),6"
GRIK4,2900,layer 4,++++,"layer 4C,6,(2)","ubiquitous(2,6)"
GRIK4,2900,layer 4,++++,"layer 4C,6,(2)","ubiquitous(2,6)"
GRIK4,2900,layer 6,++++,"layer 4C,6,(2)","ubiquitous(2,6)"
GRIK4,2900,layer 6,++++,"layer 4C,6,(2)","ubiquitous(2,6)"
GRIK5,2901,NA,+++,ubiquitous,ubiquitous
GRIN1,2902,NA,+++++,ubiquitous,ubiquitous
GRIN2A,2903,NA,+++++,ubiquitous,ubiquitous
GRIN2B,2904,NA,+++,ubiquitous,ubiquitous
GRIN2C,2905,NA,+++,layer 4C+scattered,ubiquitous
GRIN2D,2906,NA,++++,ubiquitous,ubiquitous
GRIN3A,116443,interneuron,++++,scattered,scattered
GRIN3A,116443,interneuron,++++,scattered,scattered
GRIN3A,116443,interneuron,++++,scattered,scattered
GRIN3A,116443,layer 5,++++,scattered,scattered
GRIN3A,116443,layer 5,++++,scattered,scattered
GRIN3A,116443,layer 5,++++,scattered,scattered
GRIN3A,116443,layer 6,++++,scattered,scattered
GRIN3A,116443,layer 6,++++,scattered,scattered
GRIN3A,116443,layer 6,++++,scattered,scattered
GRIN3B,116444,NA,+,ubiquitous,ubiquitous
GRINA,2907,NA,+++++,ubiquitous,ubiquitous
POLR2M,81488,NA,++,ubiquitous,ubiquitous
GRIP1,23426,NA,+++,scattered,scattered
GRIP2,80852,NA,++++,scattered,scattered
GRM1,2911,NA,+++,"scattered+layer 2/3,5/6","scattered+layer 2/3,5,6"
GRM2,2912,NA,++,"scattered(2/3,5/6)","scattered(2/3,5/6)"
GRM3,2913,NA,+++,scattered+ubiquitous,scattered+ubiquitous
GRM4,2914,NA,+++,"layer 4C,(6)+scattered",scattered
GRM6,2916,NA,-,none,none
GRM7,2917,NA,+++,"layer 2,3,4","layer 2,3,4"
GRM8,2918,NA,+,sparse to none,sparse to none
GRPR,2925,NA,+,sparse to none,sparse to none
GSG1L,146395,layer 2,++,layer 6(2/3),layer 6(2/3)
GSG1L,146395,layer 2,++,layer 6(2/3),layer 6(2/3)
GSG1L,146395,layer 3,++,layer 6(2/3),layer 6(2/3)
GSG1L,146395,layer 3,++,layer 6(2/3),layer 6(2/3)
GSK3B,2932,NA,++++,scattered+ubiquitous,scattered+ubiquitous
GSN,2934,oligodendrocyte,+++++,oligodendrocyte,oligodendrocyte
GTF2H2C,728340,NA,+++,ubiquitous,ubiquitous
GTF2I,2969,NA,+++++,ubiquitous,ubiquitous
GXYLT2,727936,NA,+,ubiquitous,ubiquitous
HAPLN1,1404,NA,+,ubiquitous,ubiquitous
HBD,3045,vascular endothelial cell,+++++,VEC,VEC
HCN1,348980,NA,++++,scattered+ubiquitous,scattered+ubiquitous
HCN2,610,NA,++++,scattered,scattered
HCN3,57657,NA,-,none,none
HCN4,10021,NA,+++++,ubiquitous,ubiquitous
HCRTR1,3061,NA,+++,scattered,scattered
HCRTR2,3062,NA,++,ubiquitous(6),ubiquitous(6)
HOMER1,9456,NA,++++,"layer(2/3),5/6",ubiquitous
HPSE,10855,NA,++,scattered(4C),sparse
HRH1,3269,NA,-,none,none
HRH4,59340,NA,-,none,none
HSD11B1,3290,NA,+++,scattered,scattered
HSPG2,3339,NA,+++,ubiquitous(4C),scattered
HTR1A,3350,NA,+++,"ubiquitous(2/3,4C,5/6)",ubiquitous(2/3)
HTR1B,3351,NA,+++,layer 4C+,ubiquitous(3)
HTR1D,3352,NA,+,ubiquitous,ubiquitous
HTR1E,3354,NA,++,ubiquitous,ubiquitous
HTR1F,3355,NA,++,"ubiquitous(2/3,4C,5/6)",ubiquitous
HTR2A,3356,NA,++++,ubiquitous(4C),ubiquitous
HTR2B,3357,NA,-,none,none
HTR2C,3358,layer 5,+++,sparse(5),layer 5
HTR3A,3359,NA,+,ubiquitous,ubiquitous
HTR4,3360,NA,-,none,none
HTR5A,3361,NA,+,ubiquitous,ubiquitous
HTR6,3362,NA,+++,ubiquitous,ubiquitous
HTR7,3363,NA,+,ubiquitous,ubiquitous
HTRA2,27429,NA,++,ubiquitous,ubiquitous
ID2,3398,NA,+++++,"layer (2/3,4C),5/6","ubiquitous(5,6)"
IGBP1,3476,NA,+,ubiquitous,ubiquitous
IGF1,3479,NA,++,scattered,scattered
IGFBP4,3487,NA,+,ubiquitous,ubiquitous
IGFN1,91156,NA,+,ubiquitous,ubiquitous
IGSF11,152404,layer 2,++++,scattered+layer 2/3,scattered
IGSF11,152404,layer 2,++++,scattered+layer 2/3,scattered
IGSF11,152404,layer 3,++++,scattered+layer 2/3,scattered
IGSF11,152404,layer 3,++++,scattered+layer 2/3,scattered
IGSF21,84966,NA,+++,"ubiquitous(2/3,5/6)","ubiquitous(2/3,6)"
IL1B,3553,NA,-,none,none
IL1RAPL1,11141,NA,+++,ubiquitous,ubiquitous
INPP1,3628,NA,+++,ubiquitous,ubiquitous
INPP4B,8821,layer 1,+++,ubquitous(3)+layer 1,ubquitous(3/4)+layer 1
INSR,3643,NA,++,ubiquitous,ubiquitous
ITGA5,3678,NA,+,scattered,scattered
ITPR2,3709,NA,+++,scattered,scattered
ITSN1,6453,NA,+++,ubiquitous,ubiquitous
JRK,8629,NA,++,scattered+ubiquitous,scattered+ubiquitous
KCNA1,3736,layer 3,++++,layer 5/6+scattered(3/4),"layer 3,5/6"
KCNA1,3736,layer 3,++++,layer 5/6+scattered(3/4),"layer 3,5/6"
KCNA1,3736,layer 3,++++,layer 5/6+scattered(3/4),"layer 3,5/6"
KCNA1,3736,layer 5,++++,layer 5/6+scattered(3/4),"layer 3,5/6"
KCNA1,3736,layer 5,++++,layer 5/6+scattered(3/4),"layer 3,5/6"
KCNA1,3736,layer 5,++++,layer 5/6+scattered(3/4),"layer 3,5/6"
KCNA1,3736,layer 6,++++,layer 5/6+scattered(3/4),"layer 3,5/6"
KCNA1,3736,layer 6,++++,layer 5/6+scattered(3/4),"layer 3,5/6"
KCNA1,3736,layer 6,++++,layer 5/6+scattered(3/4),"layer 3,5/6"
KCNA10,3744,NA,-,none,none
KCNA2,3737,NA,+++++,scattered+ubiquitous,scattered+ubiquitous
KCNA3,3738,NA,+,ubiquitous,ubiquitous
KCNA4,3739,NA,++,ubiquitous,ubiquitous
KCNA5,3741,NA,+,sparse to none,sparse to none
KCNA6,3742,NA,++,"layer 4C,5/6","ubiquitous(5,6)"
KCNA7,3743,NA,+,ubiquitous,ubiquitous
KCNAB1,7881,interneuron,+++++,scattered,scattered+layer 4
KCNAB2,8514,NA,+++++,scattered+ubiquitous,ubiquitous
KCNAB3,9196,NA,+++++,scattered+ubiquitous(4C),scattered+ubiquitous(4)
KCNB1,3745,NA,++++,ubiquitous,ubiquitous
KCNB2,9312,NA,++,ubiquitous,ubiquitous
KCNC1,3746,NA,+++++,scattered+ubiquitous,scattered+ubiquitous
KCNC2,3747,interneuron,++++,"scattered,4C",scattered
KCNC3,3748,NA,+++++,scattered+ubiquitous,layer 3(5/6)
KCNC4,3749,NA,++,ubiquitous,ubiquitous
KCND1,3750,NA,++++,ubiquitous,ubiquitous
KCND2,3751,NA,-,none,none
KCND3,3752,NA,++,ubiquitous,ubiquitous
KCNE1,3753,NA,-,none,none
KCNE2,9992,NA,-,none,none
KCNE3,10008,NA,+,sparse to none,sparse to none
KCNE4,23704,NA,-,none,none
KCNF1,3754,NA,+++,"ubiquitous(2/3,4C,5/6)",ubiquitous
KCNG3,170850,NA,-,none,none
KCNG4,93107,NA,++,ubiquitous,ubiquitous
KCNH1,3756,NA,+++,ubiquitous(2/3),ubiquitous(2/3)
KCNH2,3757,NA,++,scattered,scattered
KCNH3,23416,NA,++++,"ubiquitous(2/3,4C,5/6)",ubiquitous
KCNH4,23415,layer 2,+++,"layer 2/3,6","ubiquitous(2/3,(6))"
KCNH4,23415,layer 2,+++,"layer 2/3,6","ubiquitous(2/3,(6))"
KCNH4,23415,layer 2,+++,"layer 2/3,6","ubiquitous(2/3,(6))"
KCNH4,23415,layer 3,+++,"layer 2/3,6","ubiquitous(2/3,(6))"
KCNH4,23415,layer 3,+++,"layer 2/3,6","ubiquitous(2/3,(6))"
KCNH4,23415,layer 3,+++,"layer 2/3,6","ubiquitous(2/3,(6))"
KCNH4,23415,layer 6,+++,"layer 2/3,6","ubiquitous(2/3,(6))"
KCNH4,23415,layer 6,+++,"layer 2/3,6","ubiquitous(2/3,(6))"
KCNH4,23415,layer 6,+++,"layer 2/3,6","ubiquitous(2/3,(6))"
KCNH5,27133,NA,+++,"layer 2/3,6","layer 2/3,6"
KCNH6,81033,NA,+,sparse to none,sparse to none
KCNH7,90134,NA,++,ubiquitous,ubiquitous
KCNH8,131096,NA,+++,layer 4C,scattered
KCNIP1,30820,interneuron,++++,scattered+layer 4,scattered
KCNIP1,30820,interneuron,++++,scattered+layer 4,scattered
KCNIP1,30820,layer 4,++++,scattered+layer 4,scattered
KCNIP1,30820,layer 4,++++,scattered+layer 4,scattered
KCNIP2,30819,interneuron,+++++,"scattered+layer 2/3,4C,6",scattered+layer 2
KCNIP2,30819,interneuron,+++++,"scattered+layer 2/3,4C,6",scattered+layer 2
KCNIP2,30819,interneuron,+++++,"scattered+layer 2/3,4C,6",scattered+layer 2
KCNIP2,30819,layer 2,+++++,"scattered+layer 2/3,4C,6",scattered+layer 2
KCNIP2,30819,layer 2,+++++,"scattered+layer 2/3,4C,6",scattered+layer 2
KCNIP2,30819,layer 2,+++++,"scattered+layer 2/3,4C,6",scattered+layer 2
KCNIP2,30819,layer 3,+++++,"scattered+layer 2/3,4C,6",scattered+layer 2
KCNIP2,30819,layer 3,+++++,"scattered+layer 2/3,4C,6",scattered+layer 2
KCNIP2,30819,layer 3,+++++,"scattered+layer 2/3,4C,6",scattered+layer 2
KCNIP3,30818,NA,++++,"ubiquitous(2/3,4C,5/6)",ubiquitous
KCNJ1,3758,NA,-,none,none
KCNJ10,3766,NA,+++,scattered,scattered
KCNJ11,3767,NA,++,ubiquitous,ubiquitous
KCNJ12,3768,NA,+++,scattered,scattered
KCNJ13,3769,NA,-,none,none
KCNJ14,3770,NA,-,none,none
KCNJ15,3772,NA,-,none,none
KCNJ16,3773,NA,-,none,none
KCNJ2,3759,NA,+,ubiquitous,ubiquitous
KCNJ3,3760,NA,++++,ubiquitous,ubiquitous
KCNJ4,3761,NA,+++,"layer 2/3,4C,5/6",ubiquitous
KCNJ5,3762,NA,++,sparse,sparse
KCNJ6,3763,NA,+++,ubiquitous,ubiquitous
KCNJ8,3764,NA,-,none,ubiquitous
KCNK1,3775,NA,+++++,"scattered+2/3,4C,5/6",scattered+ubiquitous
KCNK10,54207,NA,+,ubiquitous,ubiquitous
KCNK13,56659,NA,++,ubiquitous,ubiquitous
KCNK15,60598,NA,+,ubiquitous,ubiquitous
KCNK16,83795,NA,+,ubiquitous,ubiquitous
KCNK17,89822,NA,-,none,none
KCNK18,338567,NA,-,none,none
KCNK2,3776,layer 5,++,"layer 4C,5/6","layer 5,6"
KCNK2,3776,layer 5,++,"layer 4C,5/6","layer 5,6"
KCNK2,3776,layer 6,++,"layer 4C,5/6","layer 5,6"
KCNK2,3776,layer 6,++,"layer 4C,5/6","layer 5,6"
KCNK3,3777,NA,+++++,ubiquitous+oligodendrocyte,ubiquitous+oligodendrocyte
KCNK4,50801,NA,++,ubiquitous,ubiquitous
KCNK5,8645,NA,++,ubiquitous,ubiquitous
KCNK6,9424,NA,+++++,ubiquitous,ubiquitous
KCNK7,10089,NA,-,none,none
KCNK9,51305,NA,++,ubiquitous(6),ubiquitous
KCNMB1,3779,NA,+,ubiquitous,ubiquitous
KCNMB2,10242,NA,-,none,none
KCNMB3,27094,NA,+,ubiquitous,ubiquitous
KCNMB4,27345,NA,+++,"ubiquitous(4C,5/6)","ubiquitous(5,6)"
KCNN1,3780,NA,++,ubiquitous,ubiquitous
KCNN2,3781,NA,+++,sparse(5)+ubiquitous,sparse+ubiquitous
KCNN3,3782,NA,-,none,none
KCNN4,3783,NA,+,sparse to none,sparse to none
KCNQ1,3784,NA,++,ubiquitous,ubiquitous
KCNQ2,3785,NA,++++,ubiquitous,ubiquitous
KCNQ3,3786,NA,+++,"layer 2/3,4C,5/6",ubiquitous
KCNQ4,9132,NA,+,ubiquitous,ubiquitous
KCNQ5,56479,NA,+++,"layer (2/3),4C,5/6","layer(2/)3,5,6"
KCNS2,3788,NA,++,"layer 2/3,4C,5/6",ubiquitous
KCNS3,3790,interneuron,+++,scattered,scattered
KCNT1,57582,NA,+++++,ubiquitous,ubiquitous
KCNT2,343450,NA,-,none,none
KCNV1,27012,NA,+++,"layer 2/3,4C,5/6","layer 2/3,5,6"
KCNV2,169522,NA,+,ubiquitous,ubiquitous
KCTD12,115207,interneuron,++++,sparse,sparse
KCTD4,386618,NA,++,scattered,scattered
KDM5C,8242,NA,++++,ubiquitous,ubiquitous
MINAR1,23251,NA,+,ubiquitous,ubiquitous
CEMIP,57214,interneuron,+++,scattered+layer 4C,scattered
KIFBP,26128,NA,++++,ubiquitous,ubiquitous
FAM214A,56204,NA,+++,ubiquitous,ubiquitous
TRMT9B,57604,layer 4,++++,"ubiquitous(2/3,4C,5/6)","ubiquitous(4,5,6)"
TRMT9B,57604,layer 4,++++,"ubiquitous(2/3,4C,5/6)","ubiquitous(4,5,6)"
TRMT9B,57604,layer 4,++++,"ubiquitous(2/3,4C,5/6)","ubiquitous(4,5,6)"
TRMT9B,57604,layer 5,++++,"ubiquitous(2/3,4C,5/6)","ubiquitous(4,5,6)"
TRMT9B,57604,layer 5,++++,"ubiquitous(2/3,4C,5/6)","ubiquitous(4,5,6)"
TRMT9B,57604,layer 5,++++,"ubiquitous(2/3,4C,5/6)","ubiquitous(4,5,6)"
TRMT9B,57604,layer 6,++++,"ubiquitous(2/3,4C,5/6)","ubiquitous(4,5,6)"
TRMT9B,57604,layer 6,++++,"ubiquitous(2/3,4C,5/6)","ubiquitous(4,5,6)"
TRMT9B,57604,layer 6,++++,"ubiquitous(2/3,4C,5/6)","ubiquitous(4,5,6)"
KIT,3815,interneuron,+++++,scattered,scattered
KLK6,5653,NA,++++,"scattered(5/6,deep)","scattered(5/6,deep)"
KRT80,144501,NA,++,scattered,scattered
KRT9,3857,NA,+,sparse to none,sparse to none
L1CAM,3897,NA,++++,ubiquitous,ubiquitous
LARGE1,9215,NA,++++,"layer 2/3,4C,5/6",ubiquitous(6)
LAYN,143903,NA,+,ubiquitous,ubiquitous
LDLR,3949,NA,++,ubiquitous,ubiquitous
LEPR,3953,NA,+++,scattered,scattered
LGALS1,3956,layer 3,++++,scattered+layer 5/6,"layer 3,5/6"
LGALS1,3956,layer 3,++++,scattered+layer 5/6,"layer 3,5/6"
LGALS1,3956,layer 5,++++,scattered+layer 5/6,"layer 3,5/6"
LGALS1,3956,layer 5,++++,scattered+layer 5/6,"layer 3,5/6"
LGI1,9211,NA,+++,"ubiquitous(4c,6)",ubiquitous(6)
LGI2,55203,interneuron,++++,scattered,scattered
LGI3,203190,NA,+++++,"scattered(3,5)+ubiquitous","scattered(3,5)+ubiquitous"
LGR4,55366,NA,-,none,none
LGR5,8549,NA,-,none,none
LGR6,59352,NA,+,ubiquitous(6),ubiquitous(6)
LHX1,3975,NA,+,ubiquitous,ubiquitous
LHX6,26468,interneuron,+++,scattered,scattered
LIG4,3981,NA,+,ubiquitous,ubiquitous
LSP1P5,645166,NA,+++,"ubiquitous(2/3,5/6)","ubiquitous(2/3,5/6)"
LOC727820,727820,NA,+++,ubiquitous,ubiquitous
LOC727983,727983,NA,++,ubiquitous,ubiquitous
ARHGEF34P,728377,NA,+++,ubiquitous,ubiquitous
LRP1,4035,NA,++++,ubiquitous,ubiquitous
LRP2,4036,NA,++,sparse,sparse
LRP8,7804,NA,++++,scattered,scattered
LRRC1,55227,NA,+,ubiquitous,ubiquitous
LRRC15,131578,NA,++,ubiquitous,ubiquitous
LRRK2,120892,NA,+++,layer 4C+scattered(2/3),scattered(2/3)
LRRN3,54674,NA,+++,"ubiquitous(2/3,6)",ubiquitous
LSAMP,4045,NA,++++,scattered+ubiquitous,scattered+ubiquitous
LXN,56925,NA,++,sparse(6),sparse(6)
LYNX1,66004,NA,+++++,scattered+ubiquitous,scattered+ubiquitous
LYPD1,116372,interneuron,++++,"scattered(2/3,5/6)","scattered(2/3,5,6)"
LYPD6,130574,NA,++,scattered+ubiquitous,scattered+ubiquitous
MAD1L1,8379,NA,++,ubiquitous,ubiquitous
MAFB,9935,interneuron,+++,scattered+ubiquitous,scattered+ubiquitous
MAOA,4128,NA,NA,N/A,sparse to none
MAOB,4129,NA,++++,layer 5/6,"ubiquitous(5,6)"
MAP1A,4130,NA,+++++,scattered+ubiquitous,scattered+ubiquitous
MAPK1,5594,NA,++++,"ubiquitous(2/3,5/6)","ubiquitous(2/3,5,6)"
MAPK10,5602,NA,+++++,ubiquitous,ubiquitous
MAPT,4137,NA,+++++,ubiquitous,ubiquitous
MARCKSL1,65108,NA,+++++,scattered+ubiquitous,scattered+ubiquitous
MBP,4155,oligodendrocyte,+++++,oligodendrocyte,oligodendrocyte
MC1R,4157,NA,+,ubiquitous,ubiquitous
MC2R,4158,NA,-,none,none
MC3R,4159,NA,-,none,none
MC5R,4161,NA,+,ubiquitous,ubiquitous
MCHR1,2847,NA,++,ubiquitous,ubiquitous
MCHR2,84539,NA,+++,"ubiquitous(2/3,5/6)","ubiquitous(2,3,6)"
MCM7,4176,NA,++,ubiquitous,ubiquitous
MCPH1,79648,NA,++,ubiquitous,ubiquitous
MECP2,4204,NA,++++,ubiquitous,ubiquitous
MEPCE,56257,NA,++++,ubiquitous,ubiquitous
MET,4233,NA,+++++,ubiquitous+oligodendrocyte,ubiquitous+oligodendrocyte
MFGE8,4240,layer 3,+++,scattered,layer 3
MME,4311,NA,++,layer 6,ubiquitous
MOBP,4336,oligodendrocyte,+++++,oligodendrocyte,oligodendrocyte
MOG,4340,oligodendrocyte,+++++,"scattered,oligodendrocyte","scattered,oligodendrocyte"
MPDZ,8777,NA,++,ubiquitous,ubiquitous
MTDH,92140,NA,+++,ubiquitous,ubiquitous
MYBPC1,4604,interneuron,+++,scattered(5/6),"scattered(5,6)"
MYL4,4635,NA,++,ubiquitous,ubiquitous
NAIP,4671,NA,+++,ubiquitous,ubiquitous
NBN,4683,NA,+++,ubiquitous,ubiquitous
NBPF14,25832,NA,++++,ubiquitous,ubiquitous
NBPF3,84224,NA,++++,ubiquitous,ubiquitous
NCAM1,4684,NA,+++++,ubiquitous,ubiquitous
NCAN,1463,NA,++++,ubiquitous(1),ubiquitous(1)
NDE1,54820,NA,++++,"scattered,oligodendrocyte","scattered,oligodendrocyte"
NDEL1,81565,NA,++++,ubiquitous,ubiquitous
NEFH,4744,NA,+++++,scattered+ubiquitous,layer 3+scattered
NEFL,4747,NA,+++++,scattered+ubiquitous,ubiquitous
NEFM,4741,NA,+++++,"scattered+ubiquitous(2/3,6)+glial","scattered+ubiquitous(2/3,5/6)+glial"
NEK2,4751,NA,-,none,none
NETO2,81831,NA,+,sparse to none,sparse to none
NGF,4803,NA,+,ubiquitous,ubiquitous
NGFR,4804,NA,+,sparse to none,sparse to none
NHEJ1,79840,NA,+,ubiquitous,ubiquitous
NLGN1,22871,NA,+++,"ubiquitous(2/3,4C,5/6)",ubiquitous
NLGN2,57555,NA,+++,ubiquitous,ubiquitous
NLGN3,54413,NA,+++,scattered+ubiquitous,scattered+ubiquitous
NLGN4X,57502,NA,++,ubiquitous,ubiquitous
NMB,4828,NA,++++,ubiquitous,ubiquitous
NNAT,4826,NA,+++++,"ubquitous(2/3,(4C),5/6)","ubquitous(2,3,5,6)"
NOS1,4842,interneuron,+++++,sparse+scattered,sparse+scattered
CCN3,4856,NA,+,ubiquitous,ubiquitous
NPAS1,4861,interneuron,+++,scattered,scattered
NPAS3,64067,interneuron,+++,scattered,scattered
NPAS3,64067,interneuron,+++,scattered,scattered
NPAS3,64067,astrocyte,+++,scattered,scattered
NPAS3,64067,astrocyte,+++,scattered,scattered
NPBWR2,2832,NA,+,ubiquitous,ubiquitous
NPIPB3,23117,NA,+++++,ubiquitous,ubiquitous
NPR3,4883,NA,+++,sparse,sparse
NPSR1,387129,NA,-,none,none
NPVF,64111,NA,-,none,none
NPY,4852,interneuron,+++++,sparse,sparse
NPY1R,4886,NA,+++,"layer 6(2/3,5)","layer 2(/3),5,6"
NPY2R,4887,layer 6,+++,layer 6,none
NPY5R,4889,NA,+,ubiquitous,ubiquitous
NR2F2,7026,NA,++,scattered,scattered
NR3C1,2908,NA,++++,"ubiquitous(2/3,5/6)",ubiquitous
NR4A2,4929,layer 6,+++++,layer 6(b),layer 6(b)
NR4A2,4929,layer 6,+++++,layer 6(b),layer 6(b)
NR4A2,4929,layer 6,+++++,layer 6(b),layer 6(b)
NR4A2,4929,layer 6,+++++,layer 6(b),layer 6(b)
NRCAM,4897,NA,+++++,"ubiquitous(2/3,4C,5/6)",ubiquitous
NRG1,3084,NA,+,ubiquitous,ubiquitous
NRIP3,56675,interneuron,++++,scattered,scattered
NRXN1,9378,NA,+++,ubiquitous(5/6),ubiquitous
NTF3,4908,NA,-,none,none
NTNG2,84628,layer 6,+++++,"layer 6(4C,5)",layer 6
NTRK2,4915,NA,+++++,ubiquitous,ubiquitous
NTRK3,4916,NA,++++,"ubiquitous(2/3,5/6)",ubiquitous
NTS,4922,NA,-,none,none
NTSR2,23620,NA,+,ubiquitous,ubiquitous
NUDT4,11163,NA,+++++,ubiquitous+oligodendrocyte,ubiquitous+oligodendrocyte
NXPH1,30010,interneuron,+++,scattered,scattered
OMG,4974,NA,++,"ubiquitous(2/3,4C,5/6)",ubiquitous
OPHN1,4983,NA,+++,scattered+ubiquitous,scattered+ubiquitous
OPRD1,4985,NA,+,scattered+ubiquitous,scattered+ubiquitous
OPRK1,4986,layer 6,+++,layer 6+scattered,layer 6+scattered
OPRL1,4987,NA,++,ubiquitous,ubiquitous
OPRM1,4988,NA,+,sparse to none,sparse to none
OXT,5020,NA,-,none,none
OXTR,5021,NA,+,ubiquitous,ubiquitous
PAFAH1B1,5048,NA,+++++,ubiquitous,ubiquitous
PAIP1,10605,NA,+++,ubiquitous,ubiquitous
PAK2,5062,NA,+++,scattered+ubiquitous,scattered+ubiquitous
PAK3,5063,NA,+++,"layer 2/3,4C,5/6",ubiquitous
PRKN,5071,NA,+++,ubiquitous,ubiquitous
PARK7,11315,NA,+++++,scattered+ubiquitous,scattered+ubiquitous
PARM1,25849,NA,+++++,"scattered+ubiquitous(2/3,4C)",scattered+ubiquitous(4)
PAX6,5080,NA,++,scattered,scattered
PCDH17,27253,layer 6,++++,layer 6,layer 6
PCDH18,54510,interneuron,+++,scattered,scattered
PCDH20,64881,layer 5,++,layer 5/6+scattered,scattered(6)
PCDH20,64881,layer 5,++,layer 5/6+scattered,scattered(6)
PCDH20,64881,layer 6,++,layer 5/6+scattered,scattered(6)
PCDH20,64881,layer 6,++,layer 5/6+scattered,scattered(6)
PCDHA6,56142,NA,++,scattered+ubiquitous,scattered+ubiquitous
PCNT,5116,NA,+++++,ubiquitous(6),ubiquitous
PCP4,5121,layer 5,+++++,"layer 4C(4),5/6","layer 5,6(3)"
PCP4,5121,layer 5,+++++,"layer 4C(4),5/6","layer 5,6(3)"
PCP4,5121,layer 6,+++++,"layer 4C(4),5/6","layer 5,6(3)"
PCP4,5121,layer 6,+++++,"layer 4C(4),5/6","layer 5,6(3)"
PDE10A,10846,NA,++,scattered+ubiquitous,scattered+ubiquitous
PDE1A,5136,layer 5,++++,"layer 4C,5/6","layer 5,6"
PDE1A,5136,layer 5,++++,"layer 4C,5/6","layer 5,6"
PDE1A,5136,layer 6,++++,"layer 4C,5/6","layer 5,6"
PDE1A,5136,layer 6,++++,"layer 4C,5/6","layer 5,6"
PDE4B,5142,NA,+++,ubiquitous,ubiquitous
PDE4DIP,9659,NA,+++++,scattered+ubiquitous,scattered+ubiquitous
PDE5A,8654,NA,+,ubiquitous,ubiquitous
PDHX,8050,NA,+++,ubiquitous,ubiquitous
PDLIM5,10611,NA,+,ubiquitous,ubiquitous
PDYN,5173,interneuron,++++,layer 4C+scattered,ubiquitous(4/5s?)
PDYN,5173,interneuron,++++,layer 4C+scattered,ubiquitous(4/5s?)
PDYN,5173,layer 4,++++,layer 4C+scattered,ubiquitous(4/5s?)
PDYN,5173,layer 4,++++,layer 4C+scattered,ubiquitous(4/5s?)
PEG3,5178,NA,+++++,ubiquitous,ubiquitous
PENK,5179,layer 2,+++++,"layer 2/3,6+scattered",layer 2/3+sparse(6)
PENK,5179,layer 2,+++++,"layer 2/3,6+scattered",layer 2/3+sparse(6)
PENK,5179,layer 2,+++++,"layer 2/3,6+scattered",layer 2/3+sparse(6)
PENK,5179,layer 3,+++++,"layer 2/3,6+scattered",layer 2/3+sparse(6)
PENK,5179,layer 3,+++++,"layer 2/3,6+scattered",layer 2/3+sparse(6)
PENK,5179,layer 3,+++++,"layer 2/3,6+scattered",layer 2/3+sparse(6)
PENK,5179,layer 6,+++++,"layer 2/3,6+scattered",layer 2/3+sparse(6)
PENK,5179,layer 6,+++++,"layer 2/3,6+scattered",layer 2/3+sparse(6)
PENK,5179,layer 6,+++++,"layer 2/3,6+scattered",layer 2/3+sparse(6)
PHF8,23133,NA,+++,ubiquitous,ubiquitous
PHGDH,26227,NA,NA,N/A,ubiquitous
PIK3CB,5291,NA,+++,"ubiquitous(2/3,5/6)",ubiquitous
PIK3CG,5294,NA,-,none,none
PINK1,65018,NA,+++++,scattered+ubiquitous,scattered+ubiquitous
PLAU,5328,NA,+,ubiquitous,ubiquitous
PLAUR,5329,NA,++,ubiquitous,ubiquitous
PLTP,5360,vascular endothelial cell,++,scattered+VEC,scattered+VEC
PLXNA2,5362,NA,++++,"ubiquitous(2/3,4C,5/6)",ubiquitous
PLXND1,23129,NA,+++,"ubiquitous(2/3,4)","ubiquitous(2,3,4)"
PMCH,5367,NA,-,none,none
PNOC,5368,interneuron,++++,scattered,scattered
POM121,9883,NA,+++++,ubiquitous,ubiquitous
POMT1,10585,NA,++++,ubiquitous,ubiquitous
PLPP3,8613,astrocyte,++++,"scattered(1,2/3,5/6)+glial","scattered(1,2/3,5/6)+glial"
PPP1R1B,84152,NA,+++,"ubiquitous(2/3,4C,5/6)",ubiquitous
PPP3CA,5530,NA,+++++,"ubiquitous(2/3,(4C,6))",ubiquitous
PPP3CB,5532,NA,+++,"ubiquitous(2/3,4C,5/6)","ubiquitous(2/3,5/6)"
PPP3CC,5533,NA,+,ubiquitous,ubiquitous
PQBP1,10084,NA,+++,ubiquitous,ubiquitous
PRKCB,5579,NA,+++++,ubiquitous,ubiquitous
PRKCG,5582,NA,++++,"layer 2,5/6","layer 2,5,6"
PRLH,51052,NA,++++,ubiquitous,ubiquitous
PRLHR,2834,NA,++,scattered,scattered
PRODH,5625,astrocyte,+++++,scattered,scattered
PRSS12,8492,layer 3,++,"sparse(3,4)","sparse(3,4)"
PRSS12,8492,layer 3,++,"sparse(3,4)","sparse(3,4)"
PRSS12,8492,layer 4,++,"sparse(3,4)","sparse(3,4)"
PRSS12,8492,layer 4,++,"sparse(3,4)","sparse(3,4)"
PRSS23,11098,NA,+,sparse to none,sparse to none
PSEN1,5663,NA,+++,scattered+ubiquitous,scattered+ubiquitous
PSEN2,5664,NA,++,ubiquitous,ubiquitous
PTEN,5728,NA,+++,"ubiquitous(4C,6)",ubiquitous(4)
PTGS2,5743,NA,+++,"scattered(2/3,6)","scattered(2/3,6)"
PTHLH,5744,interneuron,++++,scattered,scattered
PVALB,5816,interneuron,+++++,scattered,scattered
NECTIN3,25945,layer 2,+++,ubiquitous(2/3),ubiquitous(2/3)
NECTIN3,25945,layer 2,+++,ubiquitous(2/3),ubiquitous(2/3)
NECTIN3,25945,layer 3,+++,ubiquitous(2/3),ubiquitous(2/3)
NECTIN3,25945,layer 3,+++,ubiquitous(2/3),ubiquitous(2/3)
QDPR,5860,oligodendrocyte,+++++,scattered+ubiquitous+oligodendrocyte,scattered+ubiquitous+oligodendrocyte
QRFPR,84109,NA,-,none,sparse to none
RAB3B,5865,NA,+++++,ubiquitous+oligodendrocyte,ubiquitous+oligodendrocyte
RAB3C,115827,NA,++++,"scattered+ubiquitous(2/3,4C,5/6)",scattered+ubiquitous
RAB3GAP1,22930,NA,+++,"ubiquitous(2/3,6)",ubiquitous
RAB3IP,117177,NA,+++,scattered,scattered
RAB6A,5870,NA,+++++,scattered+ubiquitous,scattered+ubiquitous
RANBP9,10048,NA,+++,ubiquitous,ubiquitous
RAPGEF4,11069,NA,++++,"scattered+ubiquitous(2/3,4C,5/6)",ubiquitous
RASGRF2,5924,layer 2,++++,layer 2/3+scattered,layer 2/3+scattered
RASGRF2,5924,layer 2,++++,layer 2/3+scattered,layer 2/3+scattered
RASGRF2,5924,layer 3,++++,layer 2/3+scattered,layer 2/3+scattered
RASGRF2,5924,layer 3,++++,layer 2/3+scattered,layer 2/3+scattered
RASSF7,8045,NA,+++,ubiquitous,ubiquitous
RELN,5649,interneuron,+++++,layer 1+scattered,layer 1+scattered
RELN,5649,interneuron,+++++,layer 1+scattered,layer 1+scattered
RELN,5649,layer 1,+++++,layer 1+scattered,layer 1+scattered
RELN,5649,layer 1,+++++,layer 1+scattered,layer 1+scattered
REST,5978,NA,+,ubiquitous,ubiquitous
RGS10,6001,NA,+,ubiquitous,ubiquitous
RGS4,5999,NA,+++++,"layer 2/3,5/6","layer 2/3,5,6"
RNASEH2A,10535,NA,+,ubiquitous,ubiquitous
RNASEH2B,79621,NA,-,none,none
RNASEH2C,84153,NA,+,ubiquitous,ubiquitous
RND2,8153,NA,++,scattered+ubiquitous,scattered+ubiquitous
RNF144B,255488,interneuron,+++,scattered,scattered
ROCK1,6093,NA,++,ubiquitous,ubiquitous
RORB,6096,layer 4,++++,"layer 3,4,5","layer 3,4,5"
RPRM,56475,layer 5,++++,"ubiquitous(4C,5/6)","ubiquitous(5,6)"
RPRM,56475,layer 5,++++,"ubiquitous(4C,5/6)","ubiquitous(5,6)"
RPRM,56475,layer 6,++++,"ubiquitous(4C,5/6)","ubiquitous(5,6)"
RPRM,56475,layer 6,++++,"ubiquitous(4C,5/6)","ubiquitous(5,6)"
RPS6KA3,6197,NA,+,ubiquitous,ubiquitous
RRP8,23378,NA,++,ubiquitous,ubiquitous
RSPO1,284654,NA,++,scattered+ubiquitous,scattered+ubiquitous
RTN4,57142,NA,+++++,"ubiquitous(2/3,5/6)",ubiquitous
RTN4R,65078,NA,++++,ubiquitous,ubiquitous
RXFP1,59350,layer 5,++++,layer 5/6(4C),"layer 5,6"
RXFP1,59350,layer 5,++++,layer 5/6(4C),"layer 5,6"
RXFP1,59350,layer 6,++++,layer 5/6(4C),"layer 5,6"
RXFP1,59350,layer 6,++++,layer 5/6(4C),"layer 5,6"
RXFP3,51289,NA,+,ubiquitous,ubiquitous
RXFP4,339403,NA,+++++,ubiquitous+oligodendrocyte,ubiquitous+oligodendrocyte
S100A10,6281,NA,+,ubiquitous,ubiquitous
S100B,6285,oligodendrocyte,+++++,"scattered(5/6),oligodendrocyte","scattered(5/6),oligodendrocyte"
SCN10A,6336,NA,-,none,none
SCN11A,11280,NA,+,ubiquitous,ubiquitous
SCN1A,6323,NA,+++++,ubiquitous,"ubiquitous(3,(5,6))"
SCN1B,6324,NA,+++++,scattered+ubiquitous,ubiquitous(3)
SCN2A,6326,NA,+++,"layer 2/3,4C,5/6",ubiquitous
SCN2B,6327,NA,++++,ubiquitous,ubiquitous
SCN3A,6328,NA,-,none,none
SCN3B,55800,layer 2,++++,"layer 2/3,6","layer 2/3,6"
SCN3B,55800,layer 2,++++,"layer 2/3,6","layer 2/3,6"
SCN3B,55800,layer 2,++++,"layer 2/3,6","layer 2/3,6"
SCN3B,55800,layer 3,++++,"layer 2/3,6","layer 2/3,6"
SCN3B,55800,layer 3,++++,"layer 2/3,6","layer 2/3,6"
SCN3B,55800,layer 3,++++,"layer 2/3,6","layer 2/3,6"
SCN3B,55800,layer 6,++++,"layer 2/3,6","layer 2/3,6"
SCN3B,55800,layer 6,++++,"layer 2/3,6","layer 2/3,6"
SCN3B,55800,layer 6,++++,"layer 2/3,6","layer 2/3,6"
SCN4A,6329,NA,++,ubiquitous,ubiquitous
SCN4B,6330,layer 3,+++++,"layer 3,4,5","layer 3,5"
SCN4B,6330,layer 3,+++++,"layer 3,4,5","layer 3,5"
SCN4B,6330,layer 5,+++++,"layer 3,4,5","layer 3,5"
SCN4B,6330,layer 5,+++++,"layer 3,4,5","layer 3,5"
SCN5A,6331,NA,+,ubiquitous,ubiquitous
SCN7A,6332,NA,-,none,none
SCN8A,6334,NA,+++,ubiquitous,ubiquitous
SCN9A,6335,NA,-,none,none
SCNN1A,6337,NA,+,ubiquitous,ubiquitous
SCNN1B,6338,NA,-,none,none
SCNN1D,6339,NA,++++,ubiquitous,ubiquitous
SCNN1G,6340,NA,+,ubiquitous,ubiquitous
SCRT1,83482,NA,+++++,scattered+ubiquitous,scattered+ubiquitous
SDK1,221935,NA,+++,scattered+ubiquitous,scattered+ubiquitous
SEMA3C,10512,interneuron,+++,"layer 2/3,6","layer 2/3,6"
SEMA3C,10512,interneuron,+++,"layer 2/3,6","layer 2/3,6"
SEMA3C,10512,layer 6,+++,"layer 2/3,6","layer 2/3,6"
SEMA3C,10512,layer 6,+++,"layer 2/3,6","layer 2/3,6"
SEMA3F,6405,NA,+,ubiquitous,ubiquitous
SEMA4G,57715,NA,++,scattered,scattered
SEMA5B,54437,NA,+++,"scattered(2/3,5,6)","scattered(2/3,5,6)"
SERF1A,8293,NA,+++++,ubiquitous+oligodendrocyte,ubiquitous+oligodendrocyte
SGK1,6446,NA,++,scattered+ubiquitous,scattered+ubiquitous
SLA,6503,NA,+,ubiquitous,ubiquitous
SLC17A7,57030,NA,+++++,"ubiquitous(2/3,4C,5/6)",ubiquitous
SLC17A8,246213,NA,++++,sparse or scattered(5/6),sparse or scattered(5/6)
SLC18A1,6570,NA,+,sparse to none,sparse to none
SLC18A2,6571,NA,+,ubiquitous,ubiquitous
SLC18A3,6572,NA,+,ubiquitous,ubiquitous
SLC1A1,6505,NA,+++,"ubiquitous(2/3,6)",ubiquitous
SLC1A2,6506,astrocyte,+++++,scattered+glial,scattered+glial
SLC1A3,6507,astrocyte,++++,scattered+glial,scattered+glial
SLC1A4,6509,NA,++,ubiquitous,ubiquitous
SLC1A5,6510,NA,++,ubiquitous,ubiquitous
SLC1A6,6511,NA,++,ubiquitous,ubiquitous
SLC1A7,6512,NA,+,ubiquitous,ubiquitous
SLC20A1,6574,NA,++++,ubiquitous,ubiquitous
SLC23A3,151295,NA,+,sparse to none,sparse to none
SLC24A3,57419,NA,+++,scattered,scattered
SLC25A22,79751,NA,++++,ubiquitous,ubiquitous
SLC2A1,6513,vascular endothelial cell,++++,VEC,VEC
SLC32A1,140679,interneuron,+++++,scattered,scattered
SLC6A1,6529,interneuron,+++++,scattered,scattered
SLC6A11,6538,NA,++,scattered,scattered
SLC6A12,6539,interneuron,++++,scattered,scattered
SLC6A13,6540,interneuron,++++,scattered,scattered
SLC6A14,11254,NA,-,none,none
SLC6A2,6530,NA,-,none,none
SLC6A3,6531,NA,+,sparse to none,sparse to none
SLC6A4,6532,NA,-,none,none
SLC6A7,6534,NA,++++,ubquitous,ubquitous
SLC6A8,6535,NA,+++,scattered+ubiquitous,scattered+ubiquitous
GUSBP14,11039,NA,+++++,ubiquitous+oligodendrocyte,ubiquitous+oligodendrocyte
SMAD1,4086,NA,-,none,none
SMS,6611,NA,++++,"ubiquitous(2/3,4C,5/6)",ubiquitous
SNAP23,8773,NA,+++++,ubiquitous+oligodendrocyte,ubiquitous+oligodendrocyte
SNAP25,6616,NA,+++++,ubiquitous,ubiquitous
SNAP29,9342,NA,++,ubiquitous,ubiquitous
SNAP91,9892,NA,++++,"ubiquitous(2/3,4C,5/6)",ubiquitous
SNAPIN,23557,NA,++,ubiquitous,ubiquitous
SNCA,6622,NA,+++++,"layer 2/3,(4C),5/6","ubiquitous(5,6)"
SNCAIP,9627,NA,+++,layer 4C+scattered,scattered+ubiquitous
SNCB,6620,NA,+++++,ubiquitous,ubiquitous
SNCG,6623,layer 3,+++++,scattered,"scattered(3,5/6+)"
SNCG,6623,layer 3,+++++,scattered,"scattered(3,5/6+)"
SNCG,6623,layer 5,+++++,scattered,"scattered(3,5/6+)"
SNCG,6623,layer 5,+++++,scattered,"scattered(3,5/6+)"
SNPH,9751,NA,++++,scattered+ubiquitous,scattered+ubiquitous
SNTA1,6640,NA,++,ubiquitous,ubiquitous
SNTB1,6641,layer 6,+++,layer 6,sparse 6
SNTB2,6645,NA,+++,"layer 2/3,6","layer 2/3,6"
SNTG1,54212,NA,+++,scattered,scattered
SNTG2,54221,NA,-,none,none
SNX3,8724,NA,++++,ubiquitous,ubiquitous
SOD1,6647,NA,+++++,scattered+ubiquitous,ubiquitous
SORL1,6653,NA,+++++,scattered+ubiquitous,scattered+ubiquitous
SPARC,6678,NA,+++,scattered+VEC,scattered+VEC
SPP1,6696,oligodendrocyte,+++++,"scattered,oligodendrocyte","scattered,oligodendrocyte"
SPTBN4,57731,NA,++++,ubiquitous,ubiquitous
SPTLC1,10558,NA,++,ubiquitous,ubiquitous
SRP9,6726,NA,-,none,none
SST,6750,interneuron,+++++,"scattered(2/3,5/6)",scattered
SSTR1,6751,NA,++,ubiquitous(4C),"ubiquitous(2,6)"
SSTR3,6753,NA,+++,ubiquitous,ubiquitous
SSTR4,6754,NA,-,none,none
STARD8,9754,NA,+,scattered,scattered
STEAP2,261729,NA,+++,ubiquitous,ubiquitous
STRN,6801,NA,+,ubiquitous,ubiquitous
STX10,8677,NA,++,ubiquitous,ubiquitous
STX11,8676,NA,++,ubiquitous,ubiquitous
STX12,23673,NA,++,ubiquitous,ubiquitous
STX16,8675,NA,++++,ubiquitous,ubiquitous
STX17,55014,NA,+,ubiquitous,ubiquitous
STX18,53407,NA,++,ubiquitous,ubiquitous
STX19,415117,NA,-,none,none
STX1B,112755,NA,+++++,ubiquitous,ubiquitous
STX2,2054,NA,+++++,ubiquitous+oligodendrocyte,ubiquitous+oligodendrocyte
STX3,6809,NA,+++,ubiquitous,ubiquitous
STX4,6810,NA,++,ubiquitous,ubiquitous
STX5,6811,NA,+++,ubiquitous,ubiquitous
STX6,10228,NA,+++,ubiquitous,ubiquitous
STX7,8417,NA,++,ubiquitous,ubiquitous
STX8,9482,NA,++,ubiquitous,ubiquitous
STXBP1,6812,NA,+++++,ubiquitous,ubiquitous
STXBP2,6813,NA,-,none,none
STXBP4,252983,NA,-,none,none
STXBP5,134957,NA,+++,ubiquitous(5/6),ubiquitous
STXBP6,29091,NA,+++,scattered+ubiquitous,scattered+ubiquitous
SULF1,23213,interneuron,++++,"scattered(4,5/6)","scattered(4,5/6)"
SULF1,23213,interneuron,++++,"scattered(4,5/6)","scattered(4,5/6)"
SULF1,23213,interneuron,++++,"scattered(4,5/6)","scattered(4,5/6)"
SULF1,23213,layer 4,++++,"scattered(4,5/6)","scattered(4,5/6)"
SULF1,23213,layer 4,++++,"scattered(4,5/6)","scattered(4,5/6)"
SULF1,23213,layer 4,++++,"scattered(4,5/6)","scattered(4,5/6)"
SULF1,23213,layer 5,++++,"scattered(4,5/6)","scattered(4,5/6)"
SULF1,23213,layer 5,++++,"scattered(4,5/6)","scattered(4,5/6)"
SULF1,23213,layer 5,++++,"scattered(4,5/6)","scattered(4,5/6)"
SV2A,9900,NA,+++++,scattered+ubiquitous,scattered+ubiquitous
SV2B,9899,NA,+++++,"layer 2/3,4C,5/6",ubiquitous
SV2C,22987,layer 3,++++,scattered(2/3/4),layer 3+scattered
SYN1,6853,NA,+++++,"ubiquitous(2/3,4C,5/6)",ubiquitous
SYN2,6854,NA,+++++,"scattered+ubiquitous(2/3,4C,5,6)","ubiquitous(5,6)"
SYN3,8224,NA,+++,"layer 2/3(4C,6)",layer 2/3(6)
SYNE1,23345,NA,+++++,ubiquitous,ubiquitous
SYNGAP1,8831,NA,++++,"ubiquitous(2/3,4C,6)",ubiquitous
SYNGR1,9145,NA,+++,ubiquitous,ubiquitous
SYNGR2,9144,NA,+,ubiquitous,ubiquitous
SYNGR3,9143,NA,+++,ubiquitous,ubiquitous
SYNGR4,23546,NA,+,ubiquitous,ubiquitous
SYNJ1,8867,NA,+++,"ubiquitous(2/3,4C,5/6)",ubiquitous
SYNJ2,8871,NA,++++,ubiquitous(6),ubiquitous(6)
SYNPO2,171024,NA,+++,ubiquitous(6),ubiquitous(6)
SYNPR,132204,interneuron,++++,layer 6+scattered,layer 6+scattered
SYNPR,132204,interneuron,++++,layer 6+scattered,layer 6+scattered
SYNPR,132204,layer 6,++++,layer 6+scattered,layer 6+scattered
SYNPR,132204,layer 6,++++,layer 6+scattered,layer 6+scattered
SYP,6855,NA,+++++,scattered+ubiquitous,ubiquitous
SYPL1,6856,NA,++,ubiquitous+oligodendrocyte,ubiquitous+oligodendrocyte
SYPL2,284612,NA,+,ubiquitous,ubiquitous
SYT1,6857,NA,+++++,ubiquitous,ubiquitous
SYT10,341359,layer 6,++,sparse(6),sparse(6)
SYT11,23208,NA,+++++,ubiquitous,ubiquitous
SYT12,91683,NA,+++,"layer 2/3,4C,5/6",ubiquitous
SYT13,57586,NA,++++,"ubiquitous(2/3,4C)","ubiquitous(2,3,4)"
SYT14,255928,NA,++,ubiquitous,ubiquitous
SYT15,83849,NA,+++,ubiquitous+VEC?,ubiquitous+VEC?
SYT16,83851,NA,++,"ubiquitous(2/3,4C,5/6)",ubiquitous
SYT17,51760,layer 2,+++,"layer 2/3,5/6",ubiquitous(5)
SYT17,51760,layer 2,+++,"layer 2/3,5/6",ubiquitous(5)
SYT17,51760,layer 2,+++,"layer 2/3,5/6",ubiquitous(5)
SYT17,51760,layer 3,+++,"layer 2/3,5/6",ubiquitous(5)
SYT17,51760,layer 3,+++,"layer 2/3,5/6",ubiquitous(5)
SYT17,51760,layer 3,+++,"layer 2/3,5/6",ubiquitous(5)
SYT17,51760,layer 5,+++,"layer 2/3,5/6",ubiquitous(5)
SYT17,51760,layer 5,+++,"layer 2/3,5/6",ubiquitous(5)
SYT17,51760,layer 5,+++,"layer 2/3,5/6",ubiquitous(5)
SYT2,127833,layer 3,+++++,"layer 2,3,4+scattered(5)",layer 3(5)
SYT2,127833,layer 3,+++++,"layer 2,3,4+scattered(5)",layer 3(5)
SYT2,127833,layer 5,+++++,"layer 2,3,4+scattered(5)",layer 3(5)
SYT2,127833,layer 5,+++++,"layer 2,3,4+scattered(5)",layer 3(5)
SYT3,84258,NA,++,ubiquitous,ubiquitous
SYT4,6860,NA,++++,"layer(2/3,4C),6","ubiquitous(3,5/6)"
SYT5,6861,NA,++++,"layer(2/3,4C),6",ubiquitous
SYT6,148281,layer 6,+++++,layer 6,layer 6
SYT7,9066,NA,+++++,"ubiquitous(2/3,4C,5/6)",ubiquitous
SYT9,143425,NA,-,none,none
SYTL1,84958,NA,+,ubiquitous,ubiquitous
SYTL2,54843,NA,++,"layer 2/3,4C,5/6",ubiquitous
SYTL4,94121,NA,+,sparse to none,sparse to none
TAAR6,319100,NA,-,none,none
TAC1,6863,interneuron,++++,scattered,scattered
TAC3,6866,interneuron,++++,scattered,scattered
TACR1,6869,NA,++++,scattered,scattered
TACR2,6865,NA,-,none,none
TACR3,6870,NA,-,none,none
TAP1,6890,NA,+,sparse to none,sparse to none
TAP2,6891,NA,+++,scattered+ubiquitous,scattered+ubiquitous
TDO2,6999,NA,-,none,none
TF,7018,NA,+++++,ubiquitous+oligodendrocyte,ubiquitous+oligodendrocyte
TGFB1,7040,NA,++++,ubiquitous,ubiquitous
TH,7054,interneuron,+++++,sparse(6),sparse(6)
TH,7054,interneuron,+++++,sparse(6),sparse(6)
TH,7054,layer 6,+++++,sparse(6),sparse(6)
TH,7054,layer 6,+++++,sparse(6),sparse(6)
THBS2,7058,NA,+++,scattered,scattered
THSD7B,80731,NA,+++,sparse,sparse
TIAM1,7074,NA,+++,"ubiquitous(2/3,4)","ubiquitous(2/3,4)"
NKX2-1,7080,NA,+,sparse to none,sparse to none
TLE4,7091,layer 6,++++,layer 6,layer 6
TM6SF1,53346,NA,++,scattered,scattered
TMEM145,284339,NA,++++,ubiquitous,ubiquitous
TMEM150C,441027,NA,+,ubiquitous,ubiquitous
TMEM163,81615,layer 3,++,"layer(2/3),5/6","layer 3,5,6"
TMEM163,81615,layer 3,++,"layer(2/3),5/6","layer 3,5,6"
TMEM163,81615,layer 3,++,"layer(2/3),5/6","layer 3,5,6"
TMEM163,81615,layer 5,++,"layer(2/3),5/6","layer 3,5,6"
TMEM163,81615,layer 5,++,"layer(2/3),5/6","layer 3,5,6"
TMEM163,81615,layer 5,++,"layer(2/3),5/6","layer 3,5,6"
TMEM163,81615,layer 6,++,"layer(2/3),5/6","layer 3,5,6"
TMEM163,81615,layer 6,++,"layer(2/3),5/6","layer 3,5,6"
TMEM163,81615,layer 6,++,"layer(2/3),5/6","layer 3,5,6"
TMEM200A,114801,NA,+,ubiquitous,ubiquitous
TMEM215,401498,layer 4,+++,layer 4C,sparse to none
TNF,7124,NA,+,ubiquitous,ubiquitous
TNFAIP8L3,388121,interneuron,+++,sparse+layer 4C,sparse
TNMD,64102,NA,-,none,none
TNNC1,7134,NA,-,none,none
TNNT1,7138,NA,+++,scattered+ubiquitous,scattered+ubiquitous
TOX,9760,layer 5,++,"layer 4C,5/6","layer 4,5,6"
TOX,9760,layer 5,++,"layer 4C,5/6","layer 4,5,6"
TOX,9760,layer 6,++,"layer 4C,5/6","layer 4,5,6"
TOX,9760,layer 6,++,"layer 4C,5/6","layer 4,5,6"
TPBG,7162,layer 3,+++,"layer 2/3,5/6","layer 3,(4,6)"
TPBG,7162,layer 3,+++,"layer 2/3,5/6","layer 3,(4,6)"
TPBG,7162,layer 3,+++,"layer 2/3,5/6","layer 3,(4,6)"
TPBG,7162,layer 5,+++,"layer 2/3,5/6","layer 3,(4,6)"
TPBG,7162,layer 5,+++,"layer 2/3,5/6","layer 3,(4,6)"
TPBG,7162,layer 5,+++,"layer 2/3,5/6","layer 3,(4,6)"
TPBG,7162,layer 6,+++,"layer 2/3,5/6","layer 3,(4,6)"
TPBG,7162,layer 6,+++,"layer 2/3,5/6","layer 3,(4,6)"
TPBG,7162,layer 6,+++,"layer 2/3,5/6","layer 3,(4,6)"
TPH1,7166,NA,-,none,none
TPH2,121278,NA,-,none,none
TRH,7200,NA,+++,ubiquitous,ubiquitous
TRHR,7201,NA,+,ubiquitous,ubiquitous
TRIB2,28951,layer 5,++++,"ubiquitous(4C,5)","ubiquitous(4,5)"
TRPC4,7223,NA,++,scattered,scattered
TRPC6,7225,NA,++,scattered(5/6),"scattered(5,6)"
TRPM6,140803,NA,+,sparse to none,sparse to none
TSC1,7248,NA,+++,ubiquitous,ubiquitous
TSC2,7249,NA,++++,ubiquitous,ubiquitous
TSPAN8,7103,NA,-,none,none
TTR,7276,NA,++,ubiquitous,ubiquitous
TUT1,64852,NA,+++,scattered+ubiquitous,scattered+ubiquitous
UBASH3B,84959,interneuron,+++,scattered,scattered
UBE3A,7337,NA,+++,ubiquitous,ubiquitous
UCHL1,7345,NA,+++++,ubiquitous,ubiquitous
USP10,9100,NA,++,ubiquitous,ubiquitous
VAMP1,6843,NA,+++++,scattered+ubiquitous,scattered(3)+ubiquitous
VAMP2,6844,NA,++++,ubiquitous,ubiquitous
VAMP3,9341,NA,+,sparse to none,sparse to none
VAMP4,8674,NA,+,ubiquitous,ubiquitous
VAMP8,8673,NA,+,sparse to none,sparse to none
VAPA,9218,NA,++,ubiquitous,ubiquitous
VAT1L,57687,layer 5,+++++,sparse(5),sparse(5)
VIP,7432,interneuron,++++,scattered,scattered
VIPR1,7433,NA,++++,"layer (2/3,4C),6",ubiquitous
VIPR2,7434,NA,+++,"layer 3,4(4C)",layer 3
VLDLR,7436,NA,+++,scattered+ubiquitous,scattered+ubiquitous
VRK3,51231,NA,+++,scattered+ubiquitous,scattered+ubiquitous
WFS1,7466,layer 2,+++,scattered(2),scattered(2)
WNK1,65125,NA,+++,scattered+ubiquitous,scattered+ubiquitous
WNT2,7472,NA,+,ubiquitous,ubiquitous
XBP1,7494,NA,++,ubiquitous,ubiquitous
YJEFN3,374887,interneuron,+++++,sparse+scattered,sparse+scattered
ZDHHC15,158866,NA,+,ubiquitous,ubiquitous
ZEB2,9839,NA,+++,scattered,scattered
ZNF197,10168,NA,++,ubiquitous,ubiquitous
ZNF41,7592,NA,+++,scattered+ubiquitous,scattered+ubiquitous
ZNF674,641339,NA,+,ubiquitous,ubiquitous
ZNRF4,148066,NA,-,none,none
